_id,business_status,geometry.location.lat,geometry.location.lng,geometry.viewport.northeast.lat,geometry.viewport.northeast.lng,geometry.viewport.southwest.lat,geometry.viewport.southwest.lng,icon,name,opening_hours.open_now,photos,place_id,plus_code.compound_code,plus_code.global_code,price_level,rating,reference,scope,types,user_ratings_total,vicinity
5f7f04dbc85fd4b79a30beb6,OPERATIONAL,-31.9502778,115.8625,-31.9488897197085,115.8637158302915,-31.9515876802915,115.8610178697085,https://maps.gstatic.com/mapfiles/place_api/icons/v1/png_71/bar-71.png,The Court,true,"[{""height"":2848,""html_attributions"":[""<a href=\""https://maps.google.com/maps/contrib/117536139284191548789\"">The Court</a>""],""photo_reference"":""CmRaAAAAVcyQgxGPgcc_EH_kl8sa6BTRqkBRTtkPDd_xgLpFKDz2L86m-rj9v0YMLkdkwvULc1EArZuMA3U-H6DTP9__9EgMCGFv8nZbpm3Y9QN4ArnlmdWPvbS4Yd2SlrUDp1AaEhCTQJ3iBLUfDBe3WoE9eD7LGhSQtT8XPTRKSGEP4y0EFz1tZjNFYA"",""width"":4288}]",ChIJt-v5N9e6MioR1Nh-mPvJkMM,"2VX7+V2 Perth WA, Australia",4PWQ2VX7+V2,2,4,ChIJt-v5N9e6MioR1Nh-mPvJkMM,GOOGLE,"[""night_club"",""bar"",""restaurant"",""food"",""point_of_interest"",""establishment""]",601,"50 Beaufort Street, Perth"
5f7f04dbc85fd4b79a30beb7,OPERATIONAL,-31.9481765,115.8571473,-31.9468144697085,115.8585811302915,-31.9495124302915,115.8558831697085,https://maps.gstatic.com/mapfiles/place_api/icons/v1/png_71/bar-71.png,Geisha Bar,false,"[{""height"":2243,""html_attributions"":[""<a href=\""https://maps.google.com/maps/contrib/117054711461190824769\"">Geisha Bar</a>""],""photo_reference"":""CmRaAAAARn6-2LJ5j3hqJUm2MBMYuhYfaN9jGPUkHe_ZqIoJlHPmm3KxsU8txaA8WzSbuzafkFicKVabtD2yRZNzYUkfvPxxGrYd-OuUF9O79kbsLH8bFkTNhgDtc9KOaJ416HsFEhDuij9POg5dpJH01V4D3RS4GhQu-H_uM1U0MCSeMeCldUYlBUQ14w"",""width"":3365}]",ChIJ4dyxzNO6MioR-9SJ7AhDwPQ,"3V24+PV Northbridge WA, Australia",4PWQ3V24+PV,2,4.2,ChIJ4dyxzNO6MioR-9SJ7AhDwPQ,GOOGLE,"[""bar"",""night_club"",""point_of_interest"",""establishment""]",195,"135A James Street, Northbridge"
5f7f04dbc85fd4b79a30beb8,OPERATIONAL,-31.9473669,115.8588038,-31.94610886970851,115.8600958302915,-31.94880683029151,115.8573978697085,https://maps.gstatic.com/mapfiles/place_api/icons/v1/png_71/bar-71.png,Hit Studio Karaoke,true,"[{""height"":640,""html_attributions"":[""<a href=\""https://maps.google.com/maps/contrib/114275072204710317221\"">Hit Studio Karaoke</a>""],""photo_reference"":""CmRaAAAAHp8VVR4fZUjaNtVA2qpXiCKvUiL780FYkgcvfgKGM8JKQFAryy7rWbPHhBiXZFtF-dc-DQIdBP8BTt8DlwUpxIXnWO4yBTB7n_5tR2BnlyS42RnIJz-mQP9xzfGmhvATEhArJ0A_vg42ulG5hhC_3fNpGhQrtoHOBrT9vsDfYnOxag9fchmovQ"",""width"":960}]",ChIJXwWwhNG6MioR1BUB2Gr1Ghw,"3V35+3G Northbridge WA, Australia",4PWQ3V35+3G,3,3.7,ChIJXwWwhNG6MioR1BUB2Gr1Ghw,GOOGLE,"[""night_club"",""bar"",""point_of_interest"",""establishment""]",187,"64 Francis Street, Northbridge"
5f7f04dbc85fd4b79a30beb9,OPERATIONAL,-31.9477741,115.8559873,-31.9463247697085,115.8574009802915,-31.9490227302915,115.8547030197085,https://maps.gstatic.com/mapfiles/place_api/icons/v1/png_71/bar-71.png,Paramount Nightclub,false,"[{""height"":1365,""html_attributions"":[""<a href=\""https://maps.google.com/maps/contrib/116210011257008647268\"">Paramount Nightclub</a>""],""photo_reference"":""CmRaAAAAFKqDnzkWX_WhfitJ-30oFNvfxtl0z8UG043C1OvhD_YWN069HshwV2a1h8c7YTOyCGP-sAhxNwAz4GkrspbEXd0mbjGt1w-qQhE_gQuTYttbFnMYyeAq25FV2ufbIXQXEhB3QsUYsdqdmby-BkCkOBoMGhTn7G7Th6IKjma7yJdf_D_XeM85Tw"",""width"":2048}]",ChIJCbkGUtK6MioR8SHfGwMDwjE,"3V24+V9 Northbridge WA, Australia",4PWQ3V24+V9,,2.6,ChIJCbkGUtK6MioR8SHfGwMDwjE,GOOGLE,"[""night_club"",""bar"",""point_of_interest"",""establishment""]",109,"163 James Street, Northbridge"
5f7f04dbc85fd4b79a30beba,OPERATIONAL,-31.9466589,115.8642891,-31.9453390697085,115.8657023802915,-31.9480370302915,115.8630044197085,https://maps.gstatic.com/mapfiles/place_api/icons/v1/png_71/bar-71.png,The Ellington Jazz Club,true,"[{""height"":3024,""html_attributions"":[""<a href=\""https://maps.google.com/maps/contrib/109997292506187562915\"">Raymond Wu</a>""],""photo_reference"":""CmRaAAAAaq9D_zBvCo-i6k3nobAfGKIressFLy1X7pEzDIpqoKTDqwb8ut7N8tbxl8bFsgpa2dIrQtWDqeJUDcPnyChsmPAkkvfR07j2ORP2LOi-63WGLRpDyj-JXxvLdf-l152lEhCDwEFBQ8XNykmSeArFuW7CGhTEptpq02YrDwInefAnAV458__6Bg"",""width"":4032}]",ChIJ8wl4gNq6MioR3m9stamj434,"3V37+8P Perth WA, Australia",4PWQ3V37+8P,2,4.6,ChIJ8wl4gNq6MioR3m9stamj434,GOOGLE,"[""night_club"",""bar"",""point_of_interest"",""establishment""]",824,"191 Beaufort Street, Perth"
5f7f04dbc85fd4b79a30bebb,OPERATIONAL,-31.9486259,115.8589811,-31.9473893197085,115.8602582802915,-31.95008728029149,115.8575603197085,https://maps.gstatic.com/mapfiles/place_api/icons/v1/png_71/bar-71.png,Rapture Nightclub,false,"[{""height"":3864,""html_attributions"":[""<a href=\""https://maps.google.com/maps/contrib/100896140508356021842\"">Łukasz Gawryś</a>""],""photo_reference"":""CmRaAAAAdyXe8mYuCGoThXFdMqS-i8Qv6WQMGoWJ39mERdAYpqezMrMmkMkQQywU8Tx3vZCxSDRmn3KBtnm4GIulohZHPEqMkKqwd4UPo0Uyui9evy6P_9dJlM2QEzhOR7WTqJVnEhC7_0tJQuJpLOFC3KtxC9ssGhQSmcfD-HQn_iDIyRtTKc9-tW0m6w"",""width"":5152}]",ChIJQfQRZtG6MioRetU0_7F_ud0,"3V25+GH Northbridge WA, Australia",4PWQ3V25+GH,4,1.8,ChIJQfQRZtG6MioRetU0_7F_ud0,GOOGLE,"[""night_club"",""point_of_interest"",""establishment""]",144,"78 James Street, Northbridge"
5f7f04dbc85fd4b79a30bebc,OPERATIONAL,-31.94734539999999,115.855954,-31.94606221970849,115.8572456802915,-31.94876018029149,115.8545477197085,https://maps.gstatic.com/mapfiles/place_api/icons/v1/png_71/bar-71.png,"Perth's Best Strip Club | The Voodoo Lounge",false,"[{""height"":320,""html_attributions"":[""<a href=\""https://maps.google.com/maps/contrib/116853298772888289635\"">John</a>""],""photo_reference"":""CmRaAAAAEiBVifti3Sb5jCUvbYj2kDU0lT8kxepXDfa09BQ8KeMHLUrPcEKaNuB5OY_0YXvuFVazqpQbDnFLSjkMeJp1RB7dU0-HweoNBZiYjXwLgoOeYK5irNQKD8fl11epXYigEhA9QVIPlfQY67RNJ7QzQGivGhT0c1zCE-xbRkNopLvIBbzixqJcDA"",""width"":480}]",ChIJyQBUQ9K6MioRUsR0g7WpVRg,"3V34+39 Northbridge WA, Australia",4PWQ3V34+39,,4.2,ChIJyQBUQ9K6MioRUsR0g7WpVRg,GOOGLE,"[""night_club"",""point_of_interest"",""establishment""]",87,"174 James Street, Northbridge"
5f7f04dbc85fd4b79a30bebd,OPERATIONAL,-31.9456468,115.8567375,-31.9442470197085,115.8581193802915,-31.94694498029149,115.8554214197085,https://maps.gstatic.com/mapfiles/place_api/icons/v1/png_71/bar-71.png,"Jack Rabbit Slim's",false,"[{""height"":1000,""html_attributions"":[""<a href=\""https://maps.google.com/maps/contrib/110238803448063623959\"">Jack Rabbit Slim&#39;s</a>""],""photo_reference"":""CmRaAAAAzqXVDFG_Zpe3Z6DTSxwvC_C9JLrYHRdTz2VAmIxtsR6MO2cGuFNLJv919e0al358SWkemaP6YZJGYadSE7yKj3lxhuI0_8JT0uLKT4e0VnAbsy_8Y65o2dYL3gVGt3L3EhCW29Rc7PEESw1Klh0J-_d3GhRgz2dCuKdME37yXvqWaP_nzcUR6w"",""width"":1500}]",ChIJ2ZxFC9K6MioRkYHFTjUQXdM,"3V34+PM Perth WA, Australia",4PWQ3V34+PM,2,3.7,ChIJ2ZxFC9K6MioRkYHFTjUQXdM,GOOGLE,"[""night_club"",""bar"",""point_of_interest"",""establishment""]",93,"133 Aberdeen Street, Perth"
5f7f04dbc85fd4b79a30bebe,OPERATIONAL,-31.9463247,115.8574886,-31.9450196697085,115.8589370302915,-31.9477176302915,115.8562390697085,https://maps.gstatic.com/mapfiles/place_api/icons/v1/png_71/bar-71.png,Library,false,"[{""height"":1152,""html_attributions"":[""<a href=\""https://maps.google.com/maps/contrib/111091917208780033149\"">Kofi Ofori</a>""],""photo_reference"":""CmRaAAAAfXmLU7LrwZPbHgyiqPW4xiNwdvUShPyZnIX9XdihNDjrKd2U9q5q1sGXd0LBW6kmK7X7W9fXnxADUXaMxmtmuSqpMPoNroL3ue0GVytp7Zq9Ju2xHQwSwobQ53W7s8LAEhATh6zUjVmj1aU9tgUsbT9TGhR-vhJExGVi8wcxKr-sglIMIGVysw"",""width"":2048}]",ChIJP46uHtK6MioRGbK_fe9BZP4,"3V34+FX Northbridge WA, Australia",4PWQ3V34+FX,2,3.6,ChIJP46uHtK6MioRGbK_fe9BZP4,GOOGLE,"[""night_club"",""point_of_interest"",""establishment""]",47,"69 Lake Street, Northbridge"
5f7f04dbc85fd4b79a30bebf,OPERATIONAL,-31.94666599999999,115.857861,-31.9452598197085,115.8590805802915,-31.9479577802915,115.8563826197085,https://maps.gstatic.com/mapfiles/place_api/icons/v1/png_71/bar-71.png,The Republic night Club,false,"[{""height"":3024,""html_attributions"":[""<a href=\""https://maps.google.com/maps/contrib/105667490248089423207\"">Marshall chhabra</a>""],""photo_reference"":""CmRaAAAAepvaOZ13aIe9EGYGOEExFiQOQzJz_Gufxz1FZErO4CriTejo-r8Zf6axHNAH7uPG5rbSr9q9rfEZUXqA2kMXalDzkQft--448tbIb8yzdlix7rDS372IofemAmBE-wCgEhCrBFjNzQ9o2t3Dk2fJHmoqGhR9qPUjXYtFury3HarUO4H6Fbw-oA"",""width"":4032}]",ChIJKafQIdK6MioRz4RBtBVALKI,"3V35+84 Northbridge WA, Australia",4PWQ3V35+84,,3.4,ChIJKafQIdK6MioRz4RBtBVALKI,GOOGLE,"[""night_club"",""point_of_interest"",""establishment""]",17,"66 Lake Street, Northbridge"
5f7f04dbc85fd4b79a30bec0,OPERATIONAL,-31.9476549,115.8584379,-31.9462202697085,115.8598405302915,-31.9489182302915,115.8571425697085,https://maps.gstatic.com/mapfiles/place_api/icons/v1/png_71/restaurant-71.png,Buda Buda Restaurant,true,"[{""height"":667,""html_attributions"":[""<a href=\""https://maps.google.com/maps/contrib/115396007639755311425\"">Buda Buda Restaurant</a>""],""photo_reference"":""CmRaAAAAhjISr98zrdhRNJ4Exe0jUdcCegeXLGVRsZ9MNRwLnenlIUD9ESeyaeJFAAH2xJrz2Ok31LMfPvmggaprBqeu7ta7npiiFr5vloa1Hd6bvU-ZrKxhhIHQCe8W8QWqqw46EhCAP1C_kh0JtnwZXZf5ecKVGhTjFHogufl0MeWAO05VQDvUiOLahA"",""width"":1000}]",ChIJYb5bgdG6MioR2GbLoHzORXo,"3V25+W9 Perth WA, Australia",4PWQ3V25+W9,,3.5,ChIJYb5bgdG6MioR2GbLoHzORXo,GOOGLE,"[""night_club"",""bar"",""restaurant"",""food"",""point_of_interest"",""establishment""]",8,"Northbridge, 65 Francis Street, Perth"
5f7f04dbc85fd4b79a30bec1,OPERATIONAL,-31.950998,115.8565084,-31.9496752697085,115.8579383302915,-31.9523732302915,115.8552403697085,https://maps.gstatic.com/mapfiles/place_api/icons/v1/png_71/bar-71.png,Ferrara Karaoke Bar,true,"[{""height"":4608,""html_attributions"":[""<a href=\""https://maps.google.com/maps/contrib/110226305107894981956\"">Catherine Pazvakavambwa</a>""],""photo_reference"":""CmRaAAAAj6f8Hwq22mYldzX7yv5ClQ3_-Ou2IFghHsyD5Ce-Bk5uQHwPQraJ4OlLB81FGwpR6y2Hv2uO9n5k1bFlmAgWEMw1MPXUZPxdPeNvX6hFM0w0HRARckUt5xheK9tkTvFCEhB0rX70SiOYxNo7ezcac1wqGhSV06pEwfEyn24F8dugeiMtcwwPHg"",""width"":3456}]",ChIJfRpJddS6MioR6C_7st6O9WM,"2VX4+JJ Perth WA, Australia",4PWQ2VX4+JJ,2,4.1,ChIJfRpJddS6MioR6C_7st6O9WM,GOOGLE,"[""night_club"",""bar"",""point_of_interest"",""establishment""]",244,"Queen Street, Perth"
5f7f04dbc85fd4b79a30bec2,OPERATIONAL,-31.9514892,115.8540169,-31.9500694697085,115.8553970302915,-31.9527674302915,115.8526990697085,https://maps.gstatic.com/mapfiles/place_api/icons/v1/png_71/bar-71.png,Magnet House,false,"[{""height"":1080,""html_attributions"":[""<a href=\""https://maps.google.com/maps/contrib/104137764844116976176\"">Magnet House</a>""],""photo_reference"":""CmRaAAAAoad3QRS1h7aiXbE5ODdM1qOA63h-E4kUgBf1vaHIcCEZz4aDtjfuQhvl9cAeXAybin9B67PxN7ZioLodLiPOuUmC7m88weMcFwQDHOAQjmx7DwTJKW29pK8pVchMwJjpEhDJMIDZdiplcQzCpaVbGX30GhSoxJ4AG0vISbrf8wV1v_G3qUdaHQ"",""width"":1920}]",ChIJ6zDemNS6MioR6-8MxaKk4YU,"2VX3+CJ Perth WA, Australia",4PWQ2VX3+CJ,2,3.3,ChIJ6zDemNS6MioR6-8MxaKk4YU,GOOGLE,"[""night_club"",""point_of_interest"",""establishment""]",140,"393 Murray Street, Perth"
5f7f04dbc85fd4b79a30bec3,OPERATIONAL,-31.952257,115.856011,-31.9508986697085,115.8573303802915,-31.9535966302915,115.8546324197085,https://maps.gstatic.com/mapfiles/place_api/icons/v1/png_71/generic_business-71.png,The Sewing Room Perth,true,"[{""height"":667,""html_attributions"":[""<a href=\""https://maps.google.com/maps/contrib/111636491148457916021\"">The Sewing Room Perth</a>""],""photo_reference"":""CmRaAAAAsZAS0gWLsRGpPzE36G26NQhy0RAbyc-60UPfH5bEOhAOrIzEPk55S_z6z2j0Z5qKvJRJKgaf-HqnBgZwrFKkjR7qBNiZk-wlcO_VZNLU9EIXb3WNR_y0nqLL9DttsCJOEhDzo458O6xESqLccLsv4vZWGhSO1iP1Y9cjIEvdIe-OO5BD3W9zSA"",""width"":1000}]",ChIJVdFZaNS6MioRqEdbYXFfx-U,"2VX4+3C Perth WA, Australia",4PWQ2VX4+3C,,4.2,ChIJVdFZaNS6MioRqEdbYXFfx-U,GOOGLE,"[""night_club"",""bar"",""point_of_interest"",""establishment""]",181,"317 Murray Street, (Basement) Wolf Lane, Perth"
5f7f04dbc85fd4b79a30bec4,OPERATIONAL,-31.9469756,115.8406251,-31.9455952697085,115.8418716302915,-31.9482932302915,115.8391736697085,https://maps.gstatic.com/mapfiles/place_api/icons/v1/png_71/generic_business-71.png,Shisha Nights,true,"[{""height"":1125,""html_attributions"":[""<a href=\""https://maps.google.com/maps/contrib/117200636544463561058\"">Shisha Nights</a>""],""photo_reference"":""CmRaAAAAz1-l9uJj1OnZpCTDUbFlv6fH6H38JwON-tRi1qpotwlnpNVwOwaDcGcjyGHVXH-DTxs3vt39RcQE5pOubnKKNgRFZcLU3fxnMvyrm4dWWODe9QcZRuMZxOB2Hwx3nhRAEhCd9dJbYneZ7KTtLR33eDy9GhTSKieRMD7crObZoi5dvXNLIDGuXA"",""width"":2436}]",ChIJJU_RnTqlMioRrGiEaDDPEEo,"3R3R+67 West Perth WA, Australia",4PWQ3R3R+67,2,3.8,ChIJJU_RnTqlMioRrGiEaDDPEEo,GOOGLE,"[""night_club"",""bar"",""restaurant"",""food"",""point_of_interest"",""store"",""establishment""]",276,"80 Outram Street, West Perth"
5f7f04dbc85fd4b79a30bec5,OPERATIONAL,-31.9463545,115.8658722,-31.9450442197085,115.8673087802915,-31.9477421802915,115.8646108197085,https://maps.gstatic.com/mapfiles/place_api/icons/v1/png_71/bar-71.png,Villa,false,"[{""height"":480,""html_attributions"":[""<a href=\""https://maps.google.com/maps/contrib/109985653515583940009\"">Villa</a>""],""photo_reference"":""CmRaAAAAJoF8cxKpoyQoCskE3RlI8Png8MkEBjbeeSCS7huodOPBu3WShOW5ANIWIh5NBy_HcDB5AochkdcxviJoxeXrKkly9mNTDnhLwR0N3eRC3egzMZM4xflIFPWi4AK5QPLGEhB-gbSj4hGiBw4QPIKw6mqrGhRrSYZH3P1RDCHNPb4tO4wHsgZi9w"",""width"":720}]",ChIJGUMiWdq6MioRtpKZNc6E5bM,"3V38+F8 Perth WA, Australia",4PWQ3V38+F8,2,3.7,ChIJGUMiWdq6MioRtpKZNc6E5bM,GOOGLE,"[""night_club"",""bar"",""point_of_interest"",""establishment""]",37,"187 Stirling Street, Perth"
5f7f04dbc85fd4b79a30bec6,OPERATIONAL,-31.9481498,115.8569145,-31.9467236197085,115.8583131802915,-31.9494215802915,115.8556152197085,https://maps.gstatic.com/mapfiles/place_api/icons/v1/png_71/bar-71.png,Air Nightclub,false,"[{""height"":1237,""html_attributions"":[""<a href=\""https://maps.google.com/maps/contrib/117579622540757431037\"">Air Nightclub</a>""],""photo_reference"":""CmRZAAAAgCKKEcNFdPQYj0zeY-rx_htQA3mhdES6iUHi4udAmAqa8lcc2dqVJZkEsOaH6FtJfuDK0V0cN0r6Sb09rYZz_moLz07hxaxJ0Z_0Tdi50vXGXKe2X3GRYhWsxdedpi4VEhDe30lCSkv4Z7kjfLv6d_QYGhSrVyC7AzP8pdPMaHuukMplVYUTIw"",""width"":2048}]",ChIJQTFnM9K6MioRjvFr9oxncVg,"3V24+PQ Perth WA, Australia",4PWQ3V24+PQ,2,3.5,ChIJQTFnM9K6MioRjvFr9oxncVg,GOOGLE,"[""night_club"",""bar"",""point_of_interest"",""establishment""]",177,"139 James Street, Perth"
5f7f04dbc85fd4b79a30bec7,OPERATIONAL,-31.9481703,115.8567098,-31.94680691970851,115.8580266302915,-31.9495048802915,115.8553286697085,https://maps.gstatic.com/mapfiles/place_api/icons/v1/png_71/bar-71.png,Mint Nightclub,false,"[{""height"":2988,""html_attributions"":[""<a href=\""https://maps.google.com/maps/contrib/103629124320728051083\"">Ramzan Rezaee</a>""],""photo_reference"":""CmRaAAAAXX-Q4Cxkr93DDCg5kLK8JOivcn5U2cy7ZzKh2wTYBNwIceVjc-p9vTVIIMg8m4H13Z1JwimlhdFRnP8CzHd2_3NNBlMGhluinh1dFUMHgF8vSgEbkH35bqkDJG9PdawyEhDJJKfZfb3OVKnSo2XzBd_zGhRq5Em5U-eUk5hR8v7hTC60S9Arcw"",""width"":5312}]",ChIJnSozNNK6MioRkiGRmKOX5gc,"3V24+PM Northbridge WA, Australia",4PWQ3V24+PM,2,3.5,ChIJnSozNNK6MioRkiGRmKOX5gc,GOOGLE,"[""night_club"",""bar"",""point_of_interest"",""establishment""]",55,"22 Lake Street, Northbridge"
5f7f04dbc85fd4b79a30bec8,OPERATIONAL,-31.9538187,115.8623485,-31.9525631697085,115.8636542302915,-31.9552611302915,115.8609562697085,https://maps.gstatic.com/mapfiles/place_api/icons/v1/png_71/bar-71.png,Ambar,false,"[{""height"":3036,""html_attributions"":[""<a href=\""https://maps.google.com/maps/contrib/101997031234166600378\"">Geet Frank</a>""],""photo_reference"":""CmRaAAAA836BxuJKw2a8hJv1KjPHYGu8xVd79Y0LR4mW8O4VewIbjZeYFFUXOGpsB36aRv2MfZKkD_gZxlgX8UYUbXe70T2uHXx_hOhawSKJFeGPHlwYgfdlNRWCrqSUlKwFzUAQEhCpD7FC9KvQLy55S0GVpAFgGhRG_WhEMwcpxqKlsOipfrq9HLo85w"",""width"":4048}]",ChIJvX_Dw9e6MioRvXXRBCLyQaI,"2VW6+FW Perth WA, Australia",4PWQ2VW6+FW,2,4,ChIJvX_Dw9e6MioRvXXRBCLyQaI,GOOGLE,"[""night_club"",""point_of_interest"",""establishment""]",39,"104 Murray Street, Perth"
5f7f04dbc85fd4b79a30bec9,OPERATIONAL,-31.9488115,115.8584785,-31.9474132197085,115.8598596302915,-31.9501111802915,115.8571616697085,https://maps.gstatic.com/mapfiles/place_api/icons/v1/png_71/bar-71.png,Connections Nightclub,true,"[{""height"":1063,""html_attributions"":[""<a href=\""https://maps.google.com/maps/contrib/100752494606495031293\"">Connections Nightclub</a>""],""photo_reference"":""CmRaAAAAHrvO5g-rbjHgg6Oh7zrqLIyBrQf3hUEDQcsqRUxgLJLtuCT3sMTe02rUJ09btbeNrxmzcoS6kyaneUopZC2hYObgUQ3ajX6Cj0udpIhubGvk4PA79UjDKncyinoBFo7iEhAE3_-p0I0Tgy_LvqkZSzFpGhQyU-R50Z_Dn5CYcR3wI50xI1Jgeg"",""width"":1890}]",ChIJoxEtYdG6MioRHiWcsmBO0ew,"3V25+F9 Perth WA, Australia",4PWQ3V25+F9,2,4,ChIJoxEtYdG6MioRHiWcsmBO0ew,GOOGLE,"[""night_club"",""point_of_interest"",""establishment""]",151,"81 James Street, Perth"
5f7f04e1c85fd4b79a30beca,OPERATIONAL,-31.9383503,115.8420907,-31.9369794197085,115.8433890302915,-31.9396773802915,115.8406910697085,https://maps.gstatic.com/mapfiles/place_api/icons/v1/png_71/bar-71.png,Hip-E Club,false,"[{""height"":1668,""html_attributions"":[""<a href=\""https://maps.google.com/maps/contrib/102715234625074290368\"">Emilio Triunfo</a>""],""photo_reference"":""CmRaAAAAc1VdlDAYtKbVmsOzyoQDF2LyNVeHZ2hjSuVWU6EWMtAUApDBmNa5nFbDtNBUVVhcxFSomHYrVNMmgRTKvkw86hKfMbAA1GVXqFGcaM-N0IhGAhX0P6PMg4YbRMd4hNeOEhCWFW-F_B837ECGqdPeAw6MGhRQFFwp1s3jodqizHAk9evEwW8hYA"",""width"":2968}]",ChIJszgbGEilMioR_WurcBy-ZRE,"3R6R+MR Leederville WA, Australia",4PWQ3R6R+MR,2,3.1,ChIJszgbGEilMioR_WurcBy-ZRE,GOOGLE,"[""night_club"",""point_of_interest"",""establishment""]",61,"21-23/663 Newcastle Street, Leederville"
5f7f04e1c85fd4b79a30becb,OPERATIONAL,-31.94925280000001,115.8573,-31.94794816970851,115.8586210802915,-31.95064613029151,115.8559231197085,https://maps.gstatic.com/mapfiles/place_api/icons/v1/png_71/bar-71.png,Crown Karaoke Restaurant,true,"[{""height"":1080,""html_attributions"":[""<a href=\""https://maps.google.com/maps/contrib/113155639237122602881\"">Zheng Evan</a>""],""photo_reference"":""CmRaAAAAKs6gPOuyb1AC6wmLd9xK-B8qFyzBTdBOkU8NQvXiv4Aa_6YMHXSnSFK_9RW9I6YBCvuNUAm0z_4ugHZe1vz931ZKxvQ-0A-er66wuR0g9tS6djruoyrZHwA1OdXYhyAoEhBF1KHZPmMA9QcfjmxPl_xyGhQh-6g9oqrHnAtnmtH3C6YEjyG7NA"",""width"":1920}]",ChIJd2daxNO6MioRPZkGuNoPH7U,"3V24+7W Northbridge WA, Australia",4PWQ3V24+7W,,4,ChIJd2daxNO6MioRPZkGuNoPH7U,GOOGLE,"[""night_club"",""bar"",""point_of_interest"",""establishment""]",49,"60 Roe Street, Northbridge"
5f7f04e1c85fd4b79a30becc,OPERATIONAL,-31.94757,115.82375,-31.9462223697085,115.8252211302915,-31.9489203302915,115.8225231697085,https://maps.gstatic.com/mapfiles/place_api/icons/v1/png_71/bar-71.png,Gold Bar,false,"[{""height"":4656,""html_attributions"":[""<a href=\""https://maps.google.com/maps/contrib/114020612698176703769\"">Alan Joseph</a>""],""photo_reference"":""CmRaAAAAskMrIm0625BanEnSowei9fqPGicXogxJkgog5WTXo2MAXKQN56Gk85B__PDCSE_-3Y_2u8OhZDCFbBEIG0Fu9jAd9wLdna7jg9M79u3Pv1YXdEZlYVSGfsbK40ElygTIEhDmwW8GXB66rIlannqsZjRSGhQjVTvlFeQSOeTUYmyf8Iz0b_20dg"",""width"":3492}]",ChIJdd83oBalMioRyZ-PsnIbxnY,"3R2F+XG Subiaco WA, Australia",4PWQ3R2F+XG,2,3.9,ChIJdd83oBalMioRyZ-PsnIbxnY,GOOGLE,"[""bar"",""night_club"",""restaurant"",""food"",""point_of_interest"",""establishment""]",22,"83 Rokeby Road, Subiaco"
5f7f04e1c85fd4b79a30becd,OPERATIONAL,-31.9464007,115.8568061,-31.9451578697085,115.8580838802915,-31.9478558302915,115.8553859197085,https://maps.gstatic.com/mapfiles/place_api/icons/v1/png_71/bar-71.png,Paradise Karaoke Bar,true,"[{""height"":2482,""html_attributions"":[""<a href=\""https://maps.google.com/maps/contrib/100223156474768570895\"">Adam Papworth</a>""],""photo_reference"":""CmRaAAAA77NEUjlkEZw030UJ3qzeSsXcxsfmgcUmZXoCQ_9tjzNTkinKhCAzByYQeQ35iH3fgE5AaMEJ-Pp5kjN1Ajxy1VzhGtgSwPND6xPKAdAiDc4-LGcmZfKIqqJARzxvTqDeEhA6-NW5r7NN7u5J6P1Qin1_GhTkmGMJVVxlAPv9UPp0lBVsrDnaRg"",""width"":2938}]",ChIJRwZXEtK6MioRjZgwlJLZZEc,"3V34+CP Northbridge WA, Australia",4PWQ3V34+CP,,3.6,ChIJRwZXEtK6MioRjZgwlJLZZEc,GOOGLE,"[""night_club"",""bar"",""point_of_interest"",""establishment""]",35,"108 Francis Street, Northbridge"
5f7f04e1c85fd4b79a30bece,OPERATIONAL,-31.947303,115.8560322,-31.9460594197085,115.8573243302915,-31.9487573802915,115.8546263697085,https://maps.gstatic.com/mapfiles/place_api/icons/v1/png_71/bar-71.png,"Perth's Best Hens Night - Delicious Ladies Bar & Club",false,"[{""height"":1365,""html_attributions"":[""<a href=\""https://maps.google.com/maps/contrib/113566390903637112571\"">Perth&#39;s Best Hens Night - Delicious Ladies Bar &amp; Club</a>""],""photo_reference"":""CmRaAAAABNohUEV_UH_x5fT41XnbvBzeT7NU6SjBm5BkWqIwtRltvGA7leMrN7s4-RiKps_z5mCGJw08b99OFbubWll5TUPif47g8GLL0vBYoVbnf1-wLy1T0cUbfALLD3-LaX-IEhC3ytUw0uvIaJg51cy7LuskGhQ2Ewt0p8uob9Sd1QqaC-p5UQWdSQ"",""width"":2048}]",ChIJKWh2Q9K6MioRfj9VXfgOIbk,"3V34+3C Northbridge WA, Australia",4PWQ3V34+3C,,4,ChIJKWh2Q9K6MioRfj9VXfgOIbk,GOOGLE,"[""bar"",""night_club"",""point_of_interest"",""establishment""]",27,"174 James Street, Northbridge"
5f7f04e1c85fd4b79a30becf,OPERATIONAL,-31.9482486,115.8564443,-31.9469230197085,115.8578455802915,-31.9496209802915,115.8551476197085,https://maps.gstatic.com/mapfiles/place_api/icons/v1/png_71/bar-71.png,KARA Karaoke,true,"[{""height"":3024,""html_attributions"":[""<a href=\""https://maps.google.com/maps/contrib/107966838462343627986\"">Stuart Hurry</a>""],""photo_reference"":""CmRaAAAAz9uF5eBWBkpW3J6Pq_JBVRfSbEiIEE_2p8WFFV5Z4P7QPId_tjrrQptRyIyh4EpvXgZSriCb6mZSsl-DhHEn87497iw6QKMRSFsBDX2HAKyOtfcRO_XgyO0skt1UOrg_EhAP3JdU9v16S3dCmzxlI6W0GhTgm2ZNmDUERHSuWDSMcdjUti36tQ"",""width"":4032}]",ChIJucnZStK6MioR_dTqQmodwP4,"3V24+PH Northbridge WA, Australia",4PWQ3V24+PH,,4.4,ChIJucnZStK6MioR_dTqQmodwP4,GOOGLE,"[""night_club"",""bar"",""point_of_interest"",""establishment""]",59,"21B Lake Street, Northbridge"
5f7f04e1c85fd4b79a30bed0,OPERATIONAL,-31.9463214,115.8591363,-31.94508181970851,115.8604153802915,-31.9477797802915,115.8577174197085,https://maps.gstatic.com/mapfiles/place_api/icons/v1/png_71/bar-71.png,Club Humble,,,ChIJg6gMDK-7MioRQ-tRhlji10U,"3V35+FM Northbridge WA, Australia",4PWQ3V35+FM,,3.4,ChIJg6gMDK-7MioRQ-tRhlji10U,GOOGLE,"[""night_club"",""point_of_interest"",""establishment""]",9,"90 Aberdeen Street, Northbridge"
5f7f04e1c85fd4b79a30bed1,OPERATIONAL,-31.9476549,115.8584379,-31.9462081197085,115.8598135802915,-31.9489060802915,115.8571156197085,https://maps.gstatic.com/mapfiles/place_api/icons/v1/png_71/bar-71.png,GALAXY LOUNGE,true,"[{""height"":330,""html_attributions"":[""<a href=\""https://maps.google.com/maps/contrib/101991314926889843607\"">GALAXY LOUNGE</a>""],""photo_reference"":""CmRaAAAAMqSuw03fBkz-5a13-WyVnsx141IJlvt46o2YmjTAZrLDWeYywoVKdvVcqQRQJnqBralKORzEid85VJuHPsB9UGFO_CkdOQWGduZFHEv3zOgDfGP61zTLtajxw8UuQMa4EhAOqZU5H1ToHPTcZKMdy0rHGhSSga08Saj-fLzNmWq8ajkFpZiaOw"",""width"":494}]",ChIJy80jftG6MioR-I6C0qWM1E0,"3V25+W9 Northbridge WA, Australia",4PWQ3V25+W9,4,4,ChIJy80jftG6MioR-I6C0qWM1E0,GOOGLE,"[""night_club"",""bar"",""restaurant"",""food"",""point_of_interest"",""establishment""]",141,"65 Francis Street, Northbridge"
5f7f04e1c85fd4b79a30bed2,OPERATIONAL,-31.9485282,115.8585662,-31.9472541197085,115.8598663302915,-31.9499520802915,115.8571683697085,https://maps.gstatic.com/mapfiles/place_api/icons/v1/png_71/bar-71.png,Mirage Palace Karaoke,true,"[{""height"":1258,""html_attributions"":[""<a href=\""https://maps.google.com/maps/contrib/103897700292031549972\"">Mirage Palace Karaoke</a>""],""photo_reference"":""CmRaAAAAE_tFY6pX0JyhoYucE2swdxgXoxlDMALhXDnYVJaaPY7Q0Ovd4f7aeJTjW9kOa_KIbBJgGqJ6dSCr7vyOQEPk0QIYK6_ovgxk9ZsYb8g5pb1pjh98_fLIISzSOU2STgINEhD_x_JgJwH7pYKHOG4-QZsQGhRS-xXzwgSwLpUr-itFsR_rvds3EA"",""width"":1890}]",ChIJ2QTQetG6MioRWCtrJPyH4rs,"3V25+HC Northbridge WA, Australia",4PWQ3V25+HC,,4.2,ChIJ2QTQetG6MioRWCtrJPyH4rs,GOOGLE,"[""night_club"",""bar"",""point_of_interest"",""establishment""]",78,"88 James Street, Northbridge"
5f7f04e1c85fd4b79a30bed3,OPERATIONAL,-31.9467327,115.8610786,-31.9453284697085,115.8623043302915,-31.9480264302915,115.8596063697085,https://maps.gstatic.com/mapfiles/place_api/icons/v1/png_71/bar-71.png,Bar De Luxe,true,"[{""height"":456,""html_attributions"":[""<a href=\""https://maps.google.com/maps/contrib/116865298086019188487\"">Bar De Luxe</a>""],""photo_reference"":""CmRaAAAAe937sCkaoxL_fYfCp0EUhRvpHDgw_CZ7NJoUSkb2ai2QA4r4lpDP_dZL4UiTXT1nHXSSjdprnwXm6Qtpe3ymmYbzp22eKJ7TzxM9hj6Go8RdObdxN2Upj0kIQx8KQ0bZEhBXC-VCBVdob0ttJ0hdjj2KGhTNEXIoVi2BhsA22yhSWYS0UFym1w"",""width"":718}]",ChIJoeyOcj27MioRE4f_9r3kEVg,"3V36+8C Northbridge WA, Australia",4PWQ3V36+8C,,,ChIJoeyOcj27MioRE4f_9r3kEVg,GOOGLE,"[""night_club"",""bar"",""point_of_interest"",""establishment""]",,"1/310 William Street, Northbridge"
5f7f04e1c85fd4b79a30bed4,OPERATIONAL,-31.94862180000001,115.8597889,-31.94723606970851,115.8610574302915,-31.94993403029151,115.8583594697085,https://maps.gstatic.com/mapfiles/place_api/icons/v1/png_71/bar-71.png,Goodwill Club,,"[{""height"":5304,""html_attributions"":[""<a href=\""https://maps.google.com/maps/contrib/105622197403816127770\"">Goodwill Club</a>""],""photo_reference"":""CmRaAAAACAlBareyWQ59IbqicmDhCyV0FYjk18kf3libYmxvCmEnwB4nL-RN6hdhuglS9rqdMJlcKG3k_W7ql5LdDrZ3gMWVKdy70ESfpMrrjP5C21E6Hp8nC6lrc8Jnm7U_VKHcEhC2hsIJw7UWP29XtPAy05FMGhTcHtankyefPuKi61l4B5AlXsJ-OQ"",""width"":7952}]",ChIJv7HUXVe7MioRqopEnw1RwBk,"3V25+HW Northbridge WA, Australia",4PWQ3V25+HW,,,ChIJv7HUXVe7MioRqopEnw1RwBk,GOOGLE,"[""night_club"",""point_of_interest"",""establishment""]",,"224 William Street, Northbridge"
5f7f04e1c85fd4b79a30bed5,OPERATIONAL,-31.9485345,115.8599044,-31.9471381197085,115.8611495802915,-31.9498360802915,115.8584516197085,https://maps.gstatic.com/mapfiles/place_api/icons/v1/png_71/bar-71.png,Perth Strip Club Penthouse,false,"[{""height"":945,""html_attributions"":[""<a href=\""https://maps.google.com/maps/contrib/114555685307355282128\"">Perth Strip Club Penthouse</a>""],""photo_reference"":""CmRaAAAADBNX4ziRfG7lpZFCs2NLKx7UzwZp7g7OtxuePrEVZRO_7460eo6V_MGUnvVTvLhOK-xE4f4XQW76v1M1pKvLmTmPm3GKwvSM7vg7Pq0zgyq5ratkNP9Qi934R8O87LWMEhBJ9BNE-nMM6rI3HRwRO7TPGhQZBu6PKJxpGyuUF_Z8n027hl7K6w"",""width"":1681}]",ChIJybheudu6MioRuBrWHYwhc1c,"3V25+HX Perth WA, Australia",4PWQ3V25+HX,,4.4,ChIJybheudu6MioRuBrWHYwhc1c,GOOGLE,"[""night_club"",""point_of_interest"",""establishment""]",105,"230 William Street, Perth"
5f7f04e1c85fd4b79a30bed6,OPERATIONAL,-31.9522674,115.8561278,-31.9508106697085,115.8575273302915,-31.9535086302915,115.8548293697085,https://maps.gstatic.com/mapfiles/place_api/icons/v1/png_71/bar-71.png,sweet saturdays,,,ChIJBc8M-8-7MioRDYB7Xprc5qc,"2VX4+3F Perth WA, Australia",4PWQ2VX4+3F,,,ChIJBc8M-8-7MioRDYB7Xprc5qc,GOOGLE,"[""night_club"",""point_of_interest"",""establishment""]",,"317 Murray Street, Perth"
5f7f04e1c85fd4b79a30bed7,OPERATIONAL,-31.953125,115.854903,-31.95166896970851,115.8563015302915,-31.9543669302915,115.8536035697085,https://maps.gstatic.com/mapfiles/place_api/icons/v1/png_71/bar-71.png,The Loft Lounge & Bar,false,"[{""height"":4807,""html_attributions"":[""<a href=\""https://maps.google.com/maps/contrib/112434681941836222019\"">The Loft Lounge &amp; Bar</a>""],""photo_reference"":""CmRaAAAAH3rIcY7Xul82lZtKyIsnL2KgsD8R967sE2jexOpn_gD7R_zLGPwSyshyWsUNNT2mmV2Ybz_pbhcxKufSImnNIAjXQxYjDaQkEVpURTExW9duCo7f8bMrVvuFse9eoy1JEhAgaXPxFFD3D5l1hXN39eSqGhRMYxnkr0NL9F_odjzzd7dqg10SRw"",""width"":7211}]",ChIJA1KLWNS6MioRLxIJzaMTCyk,"2VW3+QX Perth WA, Australia",4PWQ2VW3+QX,,4.1,ChIJA1KLWNS6MioRLxIJzaMTCyk,GOOGLE,"[""night_club"",""bar"",""point_of_interest"",""establishment""]",28,"level 1/815 Hay Street, Perth"
5f7f04e1c85fd4b79a30bed8,OPERATIONAL,-31.9383218,115.8422283,-31.93693026970849,115.8434787302915,-31.93962823029149,115.8407807697085,https://maps.gstatic.com/mapfiles/place_api/icons/v1/png_71/bar-71.png,The Manor,false,"[{""height"":480,""html_attributions"":[""<a href=\""https://maps.google.com/maps/contrib/113316920467368895453\"">The Manor</a>""],""photo_reference"":""CmRaAAAAD0UNbESrMFL4pCmgZT0NkVZYaHUE5RW0zdPvhsZoSHf5WYZ7ni2oqouGCloCwzmQRvghYdWGlcS6BYOmA-58c45wWPeWVCqMpqhJfD_cocuhBSskqVEa4aL68HNu5W5vEhCxNPyF1EH51GriylDjzLSQGhSgO-saQHotL_j9Ztc2epoJxjQ53w"",""width"":720}]",ChIJJyM_2TelMioRNLqQIPV7kEU,"3R6R+MV Leederville WA, Australia",4PWQ3R6R+MV,,3.3,ChIJJyM_2TelMioRNLqQIPV7kEU,GOOGLE,"[""night_club"",""point_of_interest"",""establishment""]",47,"663 Newcastle Street, Leederville"
5f7f04e1c85fd4b79a30bed9,OPERATIONAL,-31.954968,115.8609756,-31.9535797697085,115.8623831802915,-31.95627773029149,115.8596852197085,https://maps.gstatic.com/mapfiles/place_api/icons/v1/png_71/bar-71.png,Pooles Temple,true,"[{""height"":1367,""html_attributions"":[""<a href=\""https://maps.google.com/maps/contrib/112960949408050874401\"">Pooles Temple</a>""],""photo_reference"":""CmRaAAAAer9Wg-paFinAmtDqplaLORKN8Q8vlUs0K7QwPVbuw7QaIaJwI7JRAei_ucKHKnHGpLRFl3pHzqtKb7zdl8aWLn2bmWkk9x9h5zyQRTbMmPhnRAlozgPBf1W_RVaSaMg6EhAuKii0Ji1C8mnZRieNTh6fGhTjImaNcSIenUuhH8spW6MuPqRX6A"",""width"":2048}]",ChIJoSkrBMK7MioRkvZeZnvxGG8,"2VW6+29 Perth WA, Australia",4PWQ2VW6+29,,4.4,ChIJoSkrBMK7MioRkvZeZnvxGG8,GOOGLE,"[""bar"",""night_club"",""restaurant"",""food"",""point_of_interest"",""establishment""]",15,"Corner of Hay Street &, Cathedral Avenue, Perth"
5f7f04e1c85fd4b79a30beda,OPERATIONAL,-31.9599816,115.857148,-31.9586326197085,115.8584969802915,-31.9613305802915,115.8557990197085,https://maps.gstatic.com/mapfiles/place_api/icons/v1/png_71/bar-71.png,The Moonlight Express,,,ChIJXUdhwiu7MioRH8O78PAFP5Y,"2VR4+2V Perth WA, Australia",4PWQ2VR4+2V,,5,ChIJXUdhwiu7MioRH8O78PAFP5Y,GOOGLE,"[""night_club"",""point_of_interest"",""establishment""]",13,Swan River
5f7f04e1c85fd4b79a30bedb,OPERATIONAL,-31.9411905,115.87402,-31.9399318197085,115.8753113302915,-31.9426297802915,115.8726133697085,https://maps.gstatic.com/mapfiles/place_api/icons/v1/png_71/school-71.png,Highgayte Primary School Kindergarten,,,ChIJzX_xxcK6MioRf903DfiCjCs,"3V5F+GJ Highgate WA, Australia",4PWQ3V5F+GJ,,5,ChIJzX_xxcK6MioRf903DfiCjCs,GOOGLE,"[""night_club"",""spa"",""car_dealer"",""bar"",""school"",""point_of_interest"",""store"",""establishment""]",1,"4 Broome Street, Highgate"
5f7f04e1c85fd4b79a30bedc,OPERATIONAL,-31.9335951,115.8727556,-31.9322315697085,115.8741322302915,-31.9349295302915,115.8714342697085,https://maps.gstatic.com/mapfiles/place_api/icons/v1/png_71/bar-71.png,"Baxter's Supper Club",false,"[{""height"":3024,""html_attributions"":[""<a href=\""https://maps.google.com/maps/contrib/113265075454551298960\"">Elodie Bornette</a>""],""photo_reference"":""CmRaAAAA3qmaR9Z0NVwieF_Wg0FiRxtUdfkC6KoRl2lMTM09CDQzwNPsH4fboWUvDLY-bDIEzGlJyBNAf-7G6sQyl0-l_1h__A2bHGQFqYhJFBhIoYId_VaObLne_DUhfqg0Mk2xEhAc2DorV2AbMWsvb2UoNjAyGhRihFOuVuZEGSMH5qG32XVznaFeXw"",""width"":4032}]",ChIJF1wQBeG7MioRrwr7XqPsxyg,"3V8F+H4 Mount Lawley WA, Australia",4PWQ3V8F+H4,,4.9,ChIJF1wQBeG7MioRrwr7XqPsxyg,GOOGLE,"[""night_club"",""bar"",""point_of_interest"",""establishment""]",16,"677 Beaufort Street, Mount Lawley"
5f7f04e1c85fd4b79a30bedd,OPERATIONAL,-31.9504719,115.8312262,-31.9491230197085,115.8326122802915,-31.9518209802915,115.8299143197085,https://maps.gstatic.com/mapfiles/place_api/icons/v1/png_71/bar-71.png,Inglewood milk factory,,,ChIJId_C9MilMioRiv4AECBgPhw,"2RXJ+RF Subiaco WA, Australia",4PWQ2RXJ+RF,,,ChIJId_C9MilMioRiv4AECBgPhw,GOOGLE,"[""night_club"",""point_of_interest"",""establishment""]",,"Bedford Avenue, Subiaco"
5f7f04e1c85fd4b79a30bede,OPERATIONAL,-31.9597526,115.8723538,-31.9584856197085,115.8736664802915,-31.9611835802915,115.8709685197085,https://maps.gstatic.com/mapfiles/place_api/icons/v1/png_71/bar-71.png,Chateau Garapov,false,,ChIJKyxqjVi7MioRViwG4tI7wSQ,"2VRC+3W Perth WA, Australia",4PWQ2VRC+3W,,4.3,ChIJKyxqjVi7MioRViwG4tI7wSQ,GOOGLE,"[""night_club"",""point_of_interest"",""establishment""]",3,Perth
5f7f04e1c85fd4b79a30bedf,OPERATIONAL,-31.94757,115.82375,-31.9462223697085,115.8252211302915,-31.9489203302915,115.8225231697085,https://maps.gstatic.com/mapfiles/place_api/icons/v1/png_71/bar-71.png,Club Kahuna,false,"[{""height"":3097,""html_attributions"":[""<a href=\""https://maps.google.com/maps/contrib/105737176832205179243\"">Shane Taylor</a>""],""photo_reference"":""CmRaAAAAoMAgOEyzAtQdm7Fhi05JetwTG8ke0_Z85ul459VsLQr5YawnmgeyxesI-0EX4-dZ4DoptF2GZ9RGwd4P0FEFvwiQbpu4Wc6l1j9T1ihb8GklYEnPmJfsDBwlYpn4weE6EhBn09f6bJIkRRLfLbhGt4jrGhSigGLTkPffGz8NgDKu5BAUfZ586A"",""width"":2221}]",ChIJC5PQoBalMioR-VX5YJf6U8I,"3R2F+XG Subiaco WA, Australia",4PWQ3R2F+XG,,3.8,ChIJC5PQoBalMioR-VX5YJf6U8I,GOOGLE,"[""night_club"",""point_of_interest"",""establishment""]",83,"83 Rokeby Road, Subiaco"
5f7f04e1c85fd4b79a30bee0,OPERATIONAL,-31.92838230000001,115.852268,-31.92703331970851,115.8536169802915,-31.92973128029151,115.8509190197085,https://maps.gstatic.com/mapfiles/place_api/icons/v1/png_71/bar-71.png,Kings & Angels,true,,ChIJL9S_LLO6MioR4pytO_qCRJc,"3VC2+JW North Perth WA, Australia",4PWQ3VC2+JW,,,ChIJL9S_LLO6MioR4pytO_qCRJc,GOOGLE,"[""night_club"",""point_of_interest"",""establishment""]",,"329 Charles Street, North Perth"