_id,business_status,geometry.location.lat,geometry.location.lng,geometry.viewport.northeast.lat,geometry.viewport.northeast.lng,geometry.viewport.southwest.lat,geometry.viewport.southwest.lng,icon,name,opening_hours.open_now,photos,place_id,plus_code.compound_code,plus_code.global_code,rating,types,vicinity
5f7e06c7f9ea96e61672dcf9,OPERATIONAL,-33.8823787,151.2046676,-33.88107412,151.2059825,-33.88377208,151.2032845,https://maps.gstatic.com/mapfiles/place_api/icons/v1/png_71/lodging-71.png,Wake Up! Sydney,TRUE,"[{""height"":1365,""html_attributions"":[""<a href=\""https://maps.google.com/maps/contrib/113381452924465106507\"">Wake Up! Sydney</a>""],""photo_reference"":""CmRaAAAAaoAfiFK2R6sZKLRHstVFUlJE8gT_OqUeM1OGQMPQVOgG6lRR8zYG5R50Bv36q_o7yyRJCjA9ALb6G4a6fNXGXKeWaUfCPZAETY3XnZP432De5R9zQPxXqFsZkftn8GqsEhBzE_OwfIgQ2vE9WweZncqlGhQhuLOsMeXO11fl_K_IXGO8cofNow"",""width"":2048}]",ChIJ1_5Y_yOuEmsRU3ORQg0SYpg,"4693+2V Sydney NSW, Australia",4RRH4693+2V,4.4,"[""night_club"",""cafe"",""travel_agency"",""lodging"",""bar"",""food"",""point_of_interest"",""establishment""]","509 Pitt Street, Sydney"
5f7e06c7f9ea96e61672dcfa,OPERATIONAL,-33.886837,151.2138757,-33.88547797,151.2151499,-33.88817593,151.212452,https://maps.gstatic.com/mapfiles/place_api/icons/v1/png_71/restaurant-71.png,Toko Sydney,FALSE,"[{""height"":3024,""html_attributions"":[""<a href=\""https://maps.google.com/maps/contrib/106155344778912457393\"">IS L</a>""],""photo_reference"":""CmRaAAAAxsZw39MzsdrdO5QVtv-eV5NwF200T_51OwvBsleUsMla5A961qfedHBc6sCrsxUo-btGqXTVAOGCpZ5jzVqjFv5pACv33-g_7bSt6Z7vcHffjoYBIzSBJvQEtmbUxcj-EhBY7EgOpNL7_DM3rkl2HcsfGhSrXhe2-4gTBYEAzoemilApbCL6ig"",""width"":4032}]",ChIJT-EHWQauEmsRZyvdi-Tn1nA,"4677+7H Surry Hills NSW, Australia",4RRH4677+7H,4.3,"[""night_club"",""bar"",""restaurant"",""food"",""point_of_interest"",""establishment""]","490 Crown Street, Surry Hills"
5f7e06c7f9ea96e61672dcfb,OPERATIONAL,-33.8832789,151.2166425,-33.88189847,151.2177699,-33.88459643,151.2150719,https://maps.gstatic.com/mapfiles/place_api/icons/v1/png_71/bar-71.png,The Beresford,FALSE,"[{""height"":1366,""html_attributions"":[""<a href=\""https://maps.google.com/maps/contrib/100639708905806959891\"">The Beresford</a>""],""photo_reference"":""CmRaAAAAl6dsox6_S-9E_MgWQr8jkVmKIuTcC4uH7khLDux5dTFeo36exEMDNIoBx9o7s7jy7Ejx53HQEi7BGMMzShLmdimrWiz7mQEZu0X-ESplZ_E_3GMezG8voIQyrfzVgzP4EhDk2wZZ1Fnn7IESI3CtvOBHGhSTlKZQWmygBosKEsZq-Ssj5tJytQ"",""width"":2048}]",ChIJSevoKhquEmsR6DYpvkUsgr0,"4688+MM Surry Hills NSW, Australia",4RRH4688+MM,4.2,"[""night_club"",""bar"",""point_of_interest"",""establishment""]","354 Bourke Street, Surry Hills"
5f7e06c7f9ea96e61672dcfc,OPERATIONAL,-33.8356886,151.2201331,-33.83432817,151.2214576,-33.83702613,151.2187597,https://maps.gstatic.com/mapfiles/place_api/icons/v1/png_71/generic_business-71.png,The Neutral Bay Club,FALSE,"[{""height"":480,""html_attributions"":[""<a href=\""https://maps.google.com/maps/contrib/111925659622336948778\"">Amanda De Boire</a>""],""photo_reference"":""CmRaAAAAbF6-9Tio-t7BXhunUZ8VA32g73my9U4d_53CWe8F0Zc3LkP5dVmEthA8Tnb7zk1XDL4mYnA73uG1Am4NKQ319aP3ktpfyXKRcz4rDf-0b9XgyZVlFtqaWVkbPgzKCWTiEhCplNDi7eep4NIt3V9Yd5XLGhRIxNCOHeSUO6ribuVtiSyjvTNCsQ"",""width"":640}]",ChIJEa2QtpCuEmsR4h3rQg0v4Dg,"567C+P3 Neutral Bay NSW, Australia",4RRH567C+P3,4.4,"[""night_club"",""bar"",""restaurant"",""food"",""school"",""health"",""point_of_interest"",""establishment""]","3 Westleigh Street, Neutral Bay"
5f7e06c7f9ea96e61672dcfd,OPERATIONAL,-33.8666424,151.2036552,-33.86534377,151.2050183,-33.86804173,151.2023204,https://maps.gstatic.com/mapfiles/place_api/icons/v1/png_71/bar-71.png,The Captains Balcony,FALSE,"[{""height"":611,""html_attributions"":[""<a href=\""https://maps.google.com/maps/contrib/100392152225838948305\"">The Captains Balcony</a>""],""photo_reference"":""CmRaAAAAFTL0qYEMjpPx7z9H1-7Jf61YmJBzTBP_i1Aj0Hf9jK7RTPG0upAsvJaDD3HQvL8pF79gzAoU6lckykLfIQ4YRIanmho-I3gNrTeX400xIi84-0evqiQ1patUhSHXphnWEhBI4MhnPLBTRtOZeV7njst7GhRyvJGkK1yZpfGD0MnazDfhXAibQw"",""width"":915}]",ChIJ2eAQUEeuEmsRcLznK5EjcsA,"46M3+8F Sydney NSW, Australia",4RRH46M3+8F,4.5,"[""bar"",""night_club"",""restaurant"",""food"",""point_of_interest"",""establishment""]","46 Erskine Street, Sydney"
5f7e06c7f9ea96e61672dcfe,OPERATIONAL,-33.864967,151.207785,-33.86359942,151.2088945,-33.86629738,151.2061966,https://maps.gstatic.com/mapfiles/place_api/icons/v1/png_71/restaurant-71.png,O Bar and Dining,FALSE,"[{""height"":3024,""html_attributions"":[""<a href=\""https://maps.google.com/maps/contrib/118130628209493840904\"">Jarrod Miller</a>""],""photo_reference"":""CmRaAAAAPprY2lapMpnPb_j9VUW1Ufi_EznHA81WJfWdDHA-7Xur7u5Nk7hT-p8rk034rtERfpC7I5L9BUU-jxikR80Q60_h07AQ_aJvzdYLgOSa0p4VWZy5oiPIaG66ssRcm5bjEhBGuOjPaWnZOemhx-8qIujPGhTB5X5RTEYTNc1UNxmbXXBf03ELVw"",""width"":5376}]",ChIJnzttoEGuEmsRjBEqGkOTGG8,"46P5+24 Sydney NSW, Australia",4RRH46P5+24,4.4,"[""night_club"",""bar"",""restaurant"",""food"",""point_of_interest"",""establishment""]","Australia Square, 264, level 47 George Street, Sydney"
5f7e06c7f9ea96e61672dcff,OPERATIONAL,-33.8813991,151.2173124,-33.88006147,151.2185768,-33.88275943,151.2158789,https://maps.gstatic.com/mapfiles/place_api/icons/v1/png_71/bar-71.png,ARQ Sydney,FALSE,"[{""height"":3024,""html_attributions"":[""<a href=\""https://maps.google.com/maps/contrib/103947841743895778905\"">Thomas Künzler</a>""],""photo_reference"":""CmRaAAAAZgnZVVC-IKuIoVbnX8x_pe1Nn-bAEjfxKt5kjBV6yWzFo7_NRxb-TQ1gfnAfNmyhTSer-BYbFTt3NVboCGIV_HRbQQr6Gupc9CJ06254s6ojCd5ATGEFz-L4fALzCNlsEhAGs_d67CjIkeu01mcAwR4fGhQjdy-a4HJ0NGFjDsCVg8msz1mBIg"",""width"":4032}]",ChIJQUjlDBquEmsRN19CRywSXws,"4698+CW Darlinghurst NSW, Australia",4RRH4698+CW,3.7,"[""night_club"",""point_of_interest"",""establishment""]","16 Flinders Street, Darlinghurst"
5f7e06c7f9ea96e61672dd00,OPERATIONAL,-33.8723395,151.2078375,-33.87105592,151.2093383,-33.87375388,151.2066404,https://maps.gstatic.com/mapfiles/place_api/icons/v1/png_71/bar-71.png,The ArtHouse Hotel,FALSE,"[{""height"":2000,""html_attributions"":[""<a href=\""https://maps.google.com/maps/contrib/115065496236840725982\"">The ArtHouse Hotel</a>""],""photo_reference"":""CmRaAAAACRAS38ufJODk1Uy45Ron1IsJOkVf5yeDpPt6NaYzC_ZCrfGcTb85UNbHNHA0rNmwtEQ5MV_kyKUPy9lf11s245mj00bh2E6WL3Bl5u-UDE7QaJi_bBhGQo0Ei43856Y5EhAyuakgeKKwE-xO4DG6fcMkGhR9BwAiHkv-Vpek3AuShXX31hWhyQ"",""width"":3000}]",ChIJ7Wd9XT6uEmsRSC2bqOeJQuA,"46H5+34 Sydney NSW, Australia",4RRH46H5+34,3.9,"[""night_club"",""bar"",""point_of_interest"",""establishment""]","275 Pitt Street, Sydney"
5f7e06c7f9ea96e61672dd01,OPERATIONAL,-33.8725296,151.2019109,-33.87122447,151.2034369,-33.87392243,151.200739,https://maps.gstatic.com/mapfiles/place_api/icons/v1/png_71/generic_business-71.png,Home The Venue,,"[{""height"":3024,""html_attributions"":[""<a href=\""https://maps.google.com/maps/contrib/105557080574232551507\"">A rajinthan</a>""],""photo_reference"":""CmRaAAAAbRDFf5b962Vk5kwFiICcF9iMazHKlrbSxxseWEhEAgszUlFoDEnDZYMHtNbLX8LrATli5-y5ovEWlDZPsw8mf7_-DubHuuE9eoU__JwtdYnACAZ4Zl_Gp8g4TXA8b25jEhCH4ghprZ4BlznXNGv-qozoGhQLbdUKN4nZu6k35YeJIA1vIarugg"",""width"":4032}]",ChIJLaRY2DuuEmsRkgiW8LMz2Hs,"46G2+XQ Sydney NSW, Australia",4RRH46G2+XQ,3.2,"[""night_club"",""restaurant"",""food"",""point_of_interest"",""establishment""]","101/1-5 Wheat Road, Sydney"
5f7e06c7f9ea96e61672dd02,CLOSED_TEMPORARILY,-33.868638,151.203427,-33.86729247,151.2046411,-33.86999043,151.2019431,https://maps.gstatic.com/mapfiles/place_api/icons/v1/png_71/bar-71.png,Chinese Laundry,,"[{""height"":1536,""html_attributions"":[""<a href=\""https://maps.google.com/maps/contrib/116822720593169621558\"">Neil Powell</a>""],""photo_reference"":""CmRaAAAAfP95dTjvLXTpCOOlDucZye5RtDcrsWa3nT-Kh-3pomSg-S55EdrmHK8DvojL8L8Cu9wbUhBaOajmoov4kOlPqLhtIIiL22Ok52GZ9_9w5zyvVO9xqODnAXv9zppfldmJEhDDBqqiWIYmsKYn-P1uAm9rGhQPmEYScLdXH0JKxXcKqv_p1nnelQ"",""width"":2048}]",ChIJ-TZFxjiuEmsRlgCmm_vT0Ng,"46J3+G9 Sydney NSW, Australia",4RRH46J3+G9,3.4,"[""night_club"",""bar"",""point_of_interest"",""establishment""]","111 Sussex Street, Sydney"
5f7e06c7f9ea96e61672dd03,OPERATIONAL,-33.877928,151.207685,-33.87655777,151.2089112,-33.87925573,151.2062133,https://maps.gstatic.com/mapfiles/place_api/icons/v1/png_71/bar-71.png,The Civic Hotel,FALSE,"[{""height"":2640,""html_attributions"":[""<a href=\""https://maps.google.com/maps/contrib/109710626326569095034\"">The Civic Hotel</a>""],""photo_reference"":""CmRaAAAArPT1fWkL2F0usjVq8xFJ3S3VeMwv_o6eYMkrSbuA5pVj_l_77D-C_LiINYpqCPh7ytKjkimj6DOg0lQH3G0Yuvsl_eudqtr_mQkPRNK0yutBukoBLz2ZZZLMzLE9nuY0EhDcem1z9f-Tne0Oj4mLYY2mGhS_KuYcJN3ws2D6LExA_WMJv8Zzug"",""width"":3960}]",ChIJq3ggjWaLtAERiu9FmlJKpQE,"46C5+R3 Sydney NSW, Australia",4RRH46C5+R3,3.9,"[""night_club"",""bar"",""restaurant"",""food"",""point_of_interest"",""establishment""]","388 Pitt Street, Sydney"
5f7e06c7f9ea96e61672dd04,CLOSED_TEMPORARILY,-33.8676033,151.2078256,-33.86620332,151.2094865,-33.86890128,151.2067885,https://maps.gstatic.com/mapfiles/place_api/icons/v1/png_71/restaurant-71.png,GPO Grand,,"[{""height"":400,""html_attributions"":[""<a href=\""https://maps.google.com/maps/contrib/108064371499908919179\"">GPO Grand</a>""],""photo_reference"":""CmRaAAAAwXmjIKiBidolsBLEudX_-tCE0TGq_LrSUuzZtQ3dBfOawNmk7OblNE8MnnZz5sd4yYk4EuHS708gb87CFNR5wnPTV509GJfVN90eFbX9xFZhcrpwg2b0LjQ_hfg5wR6FEhA5ulJc4IJJ1xBQ39jZWAgWGhTzMKU9ku4PeJIHBHZ8pgLPb4jcJg"",""width"":1000}]",ChIJW9L-1WeuEmsRecvA53RRSos,"46J5+X4 Sydney NSW, Australia",4RRH46J5+X4,4.1,"[""restaurant"",""night_club"",""cafe"",""bar"",""food"",""point_of_interest"",""store"",""establishment""]","1 Martin Place, Sydney"
5f7e06c7f9ea96e61672dd05,OPERATIONAL,-33.8661449,151.2013767,-33.86468297,151.2029044,-33.86738093,151.2002065,https://maps.gstatic.com/mapfiles/place_api/icons/v1/png_71/bar-71.png,Bungalow 8,FALSE,"[{""height"":1365,""html_attributions"":[""<a href=\""https://maps.google.com/maps/contrib/115360168180972631051\"">Bungalow 8</a>""],""photo_reference"":""CmRaAAAAzVR1mrVgzxf0iveNyYa15QjGyODrIAMLHG-bOi_5KtjDTi4NOLMafkAdql1mPJO28G1yV7fVvIIaJRdVb6EJm_29gA82bD8Iqw0JMR295R-wDJWj98qXTXuXnRw9pUUAEhC7u25odTpf3PwYdNjTZPXEGhQusc3zfffUVwGzgbLnJ9j-hmZ_-Q"",""width"":2048}]",ChIJOXAGd0euEmsRuzx3RATwLHY,"46M2+GH Sydney NSW, Australia",4RRH46M2+GH,3.9,"[""bar"",""night_club"",""restaurant"",""food"",""point_of_interest"",""establishment""]","3 Lime Street, Sydney"
5f7e06c7f9ea96e61672dd06,OPERATIONAL,-33.8730229,151.2197299,-33.87166277,151.2209948,-33.87436073,151.2182968,https://maps.gstatic.com/mapfiles/place_api/icons/v1/png_71/restaurant-71.png,Twin Peeks Restaurant,FALSE,"[{""height"":567,""html_attributions"":[""<a href=\""https://maps.google.com/maps/contrib/117449943341658996512\"">Twin Peeks Restaurant</a>""],""photo_reference"":""CmRaAAAAw08dTSNc6qNruAkwF1YvKD9eaJXD0jeuOVsKr9SgEyV1smBaRO_Xi7ws8n5MTyaWtMsyQrZWsCvm4Aq4rLfWiYGzOY5KjPJ1hdCqTpySMSlBryIN3Khsgx8W5ohyPBAnEhATz1EBJ_TBRIlJPha3jW4hGhSLC1Q_TdnVC8IqVJ6mkEVasLb0yg"",""width"":642}]",ChIJm2JV7xKuEmsR39HTk-oU-hY,"46G9+QV Woolloomooloo NSW, Australia",4RRH46G9+QV,4.5,"[""restaurant"",""night_club"",""food"",""point_of_interest"",""establishment""]","134 Forbes Street, Woolloomooloo"
5f7e06c7f9ea96e61672dd07,OPERATIONAL,-33.8729998,151.2049832,-33.87163147,151.2063938,-33.87432943,151.2036959,https://maps.gstatic.com/mapfiles/place_api/icons/v1/png_71/bar-71.png,The Scary Canary,FALSE,"[{""height"":3024,""html_attributions"":[""<a href=\""https://maps.google.com/maps/contrib/100242543672152201044\"">Anthony Jacob Karagdag</a>""],""photo_reference"":""CmRaAAAAeLgeOtllxvDuALK1QOS0Rd5T2fmKzGwXr4PeIO_duCPfd7yFNhEVismUY2AREvR3mkoCGmPIS2Lj7BDBBApKT_18X0x08cI9qck4xbupg-bV1P33D-ny0qh3UPugprkBEhBWcUHFX2xfoiy_TWyGpgBSGhQGzL2-XJngNDvvl_CvZKeizJ2Wmg"",""width"":4032}]",ChIJq40aAzyuEmsRIUypOWN2FJU,"46G3+RX Sydney NSW, Australia",4RRH46G3+RX,3.3,"[""night_club"",""bar"",""restaurant"",""food"",""point_of_interest"",""establishment""]","469 Kent Street, Sydney"
5f7e06c7f9ea96e61672dd08,OPERATIONAL,-33.8677543,151.2031866,-33.86638912,151.2046927,-33.86908708,151.2019948,https://maps.gstatic.com/mapfiles/place_api/icons/v1/png_71/bar-71.png,Retro,,"[{""height"":3648,""html_attributions"":[""<a href=\""https://maps.google.com/maps/contrib/105843679429360174012\"">My Business Plus</a>""],""photo_reference"":""CmRaAAAAAUL8_AKPIci7OBJbuHRVmFoWfyMtsoainh-2MlI2kq5clJoK7P13MKDsNPiXSl0tAKwQDiGYCow7LebVGxnj5hwg9IN3iIPQLDZ8HXzLnQSwbflHnXhjI3tTflR-v5OHEhDnwhszMZ6rJ2lm75Mu4V30GhRVT1gDkK7iXiuJ0G0ZGw0vkHOWSw"",""width"":5472}]",ChIJVadnoziuEmsRejPEM5isU-I,"46J3+V7 Sydney NSW, Australia",4RRH46J3+V7,3.1,"[""night_club"",""bar"",""point_of_interest"",""establishment""]","81 Sussex Street, Sydney"
5f7e06c7f9ea96e61672dd09,OPERATIONAL,-33.8673595,151.1955698,-33.86597802,151.1969916,-33.86867598,151.1942937,https://maps.gstatic.com/mapfiles/place_api/icons/v1/png_71/bar-71.png,"Marquee Sydney, The Star",,"[{""height"":2268,""html_attributions"":[""<a href=\""https://maps.google.com/maps/contrib/100936716492343709003\"">Goldie Goldie</a>""],""photo_reference"":""CmRaAAAAp9IOzpDoeC8c4xoiO2beFuaP6-3CyfCI1szwWaKxzm3mp_MGqzmSVyXYIelQOGtdyRj9HAnYNzYaXXPKFO6M1rVsW8i3ysU-zeB24tkkRrLiCJZH6M4OxzPSwJp3vNtZEhDhCUBhAdtZ-zy4x8nDsa2vGhSeM3YoF4HpNgtQYUH1Quki_P4Rsw"",""width"":4032}]",ChIJYdJUVDauEmsRp-7oNoEMhuQ,"45MW+36 Pyrmont NSW, Australia",4RRH45MW+36,3.3,"[""night_club"",""bar"",""point_of_interest"",""establishment""]","Pirrama Road, Pyrmont"
5f7e06c7f9ea96e61672dd0a,OPERATIONAL,-33.8712255,151.202382,-33.87027862,151.2036383,-33.87297658,151.2009403,https://maps.gstatic.com/mapfiles/place_api/icons/v1/png_71/bar-71.png,Pontoon Bar,FALSE,"[{""height"":2448,""html_attributions"":[""<a href=\""https://maps.google.com/maps/contrib/118103386380436701353\"">Steve Mavin</a>""],""photo_reference"":""CmRaAAAAb5cozcqDFyfYKNCQu7qFxoV5V8t9uznqraSAcSTv1ZFtwiYl1yA6j7ggSXTKJNCK0_qWg0S7XnMt6Du0cBMd_ysHCpKdd580acGMtaERZkJaaGToohiCZftj47rxpCxgEhAA8Gpu8z5KW0mQLb7KfgHNGhQHWfKtv-9hkfPJG-C-LV3sTSXvyA"",""width"":2448}]",ChIJz64J_juuEmsRlgysoCP5Zcs,"46H2+GX Sydney NSW, Australia",4RRH46H2+GX,3.6,"[""bar"",""night_club"",""point_of_interest"",""establishment""]","Cockle Bay Wharf, Wheat Road, Sydney"
5f7e06c7f9ea96e61672dd0b,OPERATIONAL,-33.8802139,151.2166639,-33.87891672,151.2179516,-33.88161468,151.2152536,https://maps.gstatic.com/mapfiles/place_api/icons/v1/png_71/bar-71.png,The Oxford Hotel,FALSE,"[{""height"":635,""html_attributions"":[""<a href=\""https://maps.google.com/maps/contrib/101040028058421136157\"">The Oxford Hotel</a>""],""photo_reference"":""CmRaAAAAEwrR4Vrf3X_4v58RI391RQ6JsSvbVwKymENOLnZE-OWoDboJvRZmkSuPqSVplxLQC91ctXu0Mr3sunuwwH6aQooFDlaCFOfomIe7w4nn5CEXh1_Il6MmcuS-z_r7qSJ6EhDR2tIlxcdmNRLAiRrrftIVGhR4lsfyQgc8JzmxDyDhEUtE5yGI1A"",""width"":960}]",ChIJZTMUsBCuEmsRrpF8BuG8McA,"4698+WM Darlinghurst NSW, Australia",4RRH4698+WM,4.1,"[""bar"",""night_club"",""point_of_interest"",""establishment""]","134 Oxford Street, Darlinghurst"
5f7e06c7f9ea96e61672dd0c,OPERATIONAL,-33.89171,151.250987,-33.89036122,151.2528592,-33.89305918,151.2501613,https://maps.gstatic.com/mapfiles/place_api/icons/v1/png_71/restaurant-71.png,The Eastern,FALSE,"[{""height"":549,""html_attributions"":[""<a href=\""https://maps.google.com/maps/contrib/107683331745534955338\"">The Eastern</a>""],""photo_reference"":""CmRaAAAAld9l4PzJaa-p5Sr5HKEriTnScloTzJsz2vDfFNEU9qKjLaglpUb8oS7UjL7lucn3x9e4CzVjGPWh0EA4BCQzIckGRqiGbcMLfMyYxbJ00iQYgaWPsRIY8EtzPSCON1wBEhCDVqp02DIGew8ayMnT57JWGhT2K43giNekxKKuNeEd-hooK4mN9g"",""width"":960}]",ChIJV3NGgvGtEmsRxUsSRpKtp2w,"4752+89 Bondi Junction NSW, Australia",4RRH4752+89,4,"[""restaurant"",""night_club"",""bar"",""food"",""point_of_interest"",""establishment""]","500 Oxford Street, Bondi Junction"
5f7e06c7f9ea96e61672dd0d,CLOSED_TEMPORARILY,-33.8778723,151.2133158,-33.87646942,151.2147286,-33.87916738,151.2120306,https://maps.gstatic.com/mapfiles/place_api/icons/v1/png_71/generic_business-71.png,Slide Lounge,,"[{""height"":1070,""html_attributions"":[""<a href=\""https://maps.google.com/maps/contrib/111590862323382041029\"">Slide Lounge</a>""],""photo_reference"":""CmRaAAAAFfMViM4IW3nRpfDvM-j-kDJFbbi6CGmWPO0oPFON-c-pcsPAzdAUMmtHFpw2cjsg9b_bv4fAYtf3UTbuZRfNnI8SqeuCI-zQtl3jB-uH7XOYhcJpyaEiVhwiRCWt6WleEhAXIZ2DaSnwI454xX94bMpnGhRjExloH1s8gRC7EdvrD56wNRz9zQ"",""width"":2048}]",ChIJnZLkBheuEmsRqq_MHoDS9CE,"46C7+V8 Darlinghurst NSW, Australia",4RRH46C7+V8,4.3,"[""night_club"",""restaurant"",""food"",""point_of_interest"",""establishment""]","41 Oxford Street, Darlinghurst"
5f7e06c7f9ea96e61672dd0e,OPERATIONAL,-33.8672213,151.201675,-33.86586487,151.2031213,-33.86856283,151.2004233,https://maps.gstatic.com/mapfiles/place_api/icons/v1/png_71/generic_business-71.png,Strike Bowling King Street Wharf,FALSE,"[{""height"":1367,""html_attributions"":[""<a href=\""https://maps.google.com/maps/contrib/107876525399565650482\"">Strike Bowling King Street Wharf</a>""],""photo_reference"":""CmRaAAAAipByRs0cSZsRHIjDWwriYolwy0x_vIUFX4WM3Po3sf9QYt48cCxsvOtc-lPp24TSCEyr8rFU0eonTCLUD4unIYJ-FHs_7eHp35dCdZzEJfgk8zuL5j8E98m_XPaI6szgEhCVO_qI8wHjarh0qTN4rt23GhRTLFKBc-m4G2xLK1P_cRTnPAwyjw"",""width"":2048}]",ChIJOQSDf_VC1moR4ynBZdTtHXA,"46M2+4M Sydney NSW, Australia",4RRH46M2+4M,4.2,"[""bowling_alley"",""night_club"",""bar"",""point_of_interest"",""establishment""]","22 The Promenade, Sydney"
5f7e06c7f9ea96e61672dd0f,OPERATIONAL,-33.8724111,151.2096528,-33.87107787,151.2111771,-33.87377583,151.2084792,https://maps.gstatic.com/mapfiles/place_api/icons/v1/png_71/bar-71.png,Karaoke World,FALSE,"[{""height"":440,""html_attributions"":[""<a href=\""https://maps.google.com/maps/contrib/109954858308768127319\"">Karaoke World</a>""],""photo_reference"":""CmRaAAAA39Ec79q3aA2anICx4Xr6-o5Vj7PuhJmZFCp5KlkA3ajrYspDvuvxVX5_64j58JXbvafn_L_LD0f_6sOzNZc8tLi8_XaxCTIbt60GzKDzNnJu-acxyiIn3-1KbvwxgbczEhDGQRdRhXr_j3UDFgVKwgNjGhTmIeATWwiCNuYZw5u0ynPvAqlBYg"",""width"":690}]",ChIJf3vKIz6uEmsRrQPP0yKDr7A,"46H5+2V Sydney NSW, Australia",4RRH46H5+2V,3.3,"[""night_club"",""bar"",""point_of_interest"",""establishment""]","185 Elizabeth Street, Sydney"
5f7e06c7f9ea96e61672dd10,OPERATIONAL,-33.866573,151.2075269,-33.86465522,151.2088452,-33.86735318,151.2061473,https://maps.gstatic.com/mapfiles/place_api/icons/v1/png_71/bar-71.png,ivy precinct,FALSE,"[{""height"":2594,""html_attributions"":[""<a href=\""https://maps.google.com/maps/contrib/109300215552584936895\"">ivy precinct</a>""],""photo_reference"":""CmRaAAAAMRYvBPtz0L-uVSB8NYLsMtqHrHKnYq7G00eN5T-RHaxoAjJpiD67_EIgfg55Q88PlyEgx93XzFWyatfQHyJBUztyCTnmYhvaTYh36CjeWLkzytA5-Uv87FmCYAgPsRy3EhBbuyx6aXAUKDxMRS_YWy-4GhSeU_nqRyE2r1yeoF3Kuf4z_NRk-A"",""width"":3900}]",ChIJWwHAWUCuEmsRNlPEcQfDB5E,"46M5+92 Sydney NSW, Australia",4RRH46M5+92,4.1,"[""bar"",""night_club"",""cafe"",""restaurant"",""food"",""point_of_interest"",""establishment""]","330 George Street, Sydney"
5f7e06c7f9ea96e61672dd11,OPERATIONAL,-33.873428,151.2083821,-33.87206837,151.2095717,-33.87476633,151.2068738,https://maps.gstatic.com/mapfiles/place_api/icons/v1/png_71/bar-71.png,Echo Point,FALSE,"[{""height"":2448,""html_attributions"":[""<a href=\""https://maps.google.com/maps/contrib/117662116367227577757\"">Echo Point</a>""],""photo_reference"":""CmRaAAAAYtCD8CaEkuwDbFSqdrE0camdcIglzvdYs2mFaQi7QoJGRLBPtPyOxkcNCAfYseuhvkXtIreXREy5m-y-oSeyvMyaGHPwWw4SO7ZMyFsQwrfrXuM0pNhBEKfehgHZm9k8EhD30o-IiUwPAYsLAd-p5CPvGhTw867Fn8wzAxyIx0Yvblg3fYsm0A"",""width"":3264}]",ChIJ5-wfdz6uEmsRC3Mqk2qsID0,"46G5+J9 Sydney NSW, Australia",4RRH46G5+J9,3.9,"[""night_club"",""bar"",""point_of_interest"",""establishment""]","Basement/262 Pitt Street, Sydney"
5f7e06c7f9ea96e61672dd12,OPERATIONAL,-33.8849766,151.2078579,-33.88365547,151.2092332,-33.88635343,151.2065353,https://maps.gstatic.com/mapfiles/place_api/icons/v1/png_71/bar-71.png,Ding Dong Dang,FALSE,"[{""height"":3024,""html_attributions"":[""<a href=\""https://maps.google.com/maps/contrib/114301302439935689428\"">Emma Dorrel</a>""],""photo_reference"":""CmRaAAAAE-hMVUcV7fku_ZU2KFSqM26mwl0GCXv4EnLoAk0YQGnlIbQXC_A6Kcbyr_N76PPw6FdAaKpxL7LPjdCFvGXbm1j0EcnK6tJ7_C9U4qDsOpXDkrZ_uldfCLnOduRs0oBaEhAHefFeHOLg-RlYL69OznvkGhQVyJ_SzsGcxCsEsgRNjo1MCBp4cg"",""width"":4032}]",ChIJw_72oSGuEmsRO72WGOlPliE,"4685+24 Surry Hills NSW, Australia",4RRH4685+24,3.7,"[""night_club"",""bar"",""point_of_interest"",""establishment""]","7 Randle Street, Surry Hills"
5f7e06c7f9ea96e61672dd13,OPERATIONAL,-33.8745637,151.2230504,-33.87314982,151.2243104,-33.87584778,151.2216124,https://maps.gstatic.com/mapfiles/place_api/icons/v1/png_71/bar-71.png,Bada Bing Night Spot,FALSE,"[{""height"":2048,""html_attributions"":[""<a href=\""https://maps.google.com/maps/contrib/106364301474124777068\"">David R Linke</a>""],""photo_reference"":""CmRaAAAAhUM0UMCOR1Uwt2KTGz9bLgjZ8RIjdvoziXDg38YT4mOQPkxG4wz7Sjfo_w5CyPZge0ewQdySxOJhRNWd32YEnjwTgXWL1GibDke0yMcngb81XJHeIL5PjBzMuALD8674EhB6TOShnrNIw0DUtA_DQuGdGhTNhmDvILa59It68kvbl2l_1kXjEQ"",""width"":1641}]",ChIJobNqdA2uEmsRgAG62iT5Mao,"46GF+56 Potts Point NSW, Australia",4RRH46GF+56,3.6,"[""night_club"",""point_of_interest"",""establishment""]","70A Darlinghurst Road, Potts Point"
5f7e06c7f9ea96e61672dd14,OPERATIONAL,-33.8724756,151.2168684,-33.87108597,151.2181484,-33.87378393,151.2154505,https://maps.gstatic.com/mapfiles/place_api/icons/v1/png_71/bar-71.png,East Sydney Hotel,FALSE,"[{""height"":3000,""html_attributions"":[""<a href=\""https://maps.google.com/maps/contrib/110982194781403011252\"">East Sydney Hotel</a>""],""photo_reference"":""CmRaAAAAq_y5Z6L5TGBLiRhXTTYFgfYCLpl_iCKKWEJpbapM9Z6moRj0S0qf8bRBA9NBuRXDckibdIro6-RIrrQoCLdJsNzbtvABtAjwq2bWcUdWf4D1zqAWYU2tgoTvq4CKUFLTEhABs3W8WoDEqegROl-oyE0iGhRJ4bs1SPDb8hOYQq2LU2GJ_eg3pQ"",""width"":3999}]",ChIJfY-YZROuEmsRTfuYgQTHOhQ,"46H8+2P Woolloomooloo NSW, Australia",4RRH46H8+2P,4.3,"[""night_club"",""lodging"",""bar"",""restaurant"",""food"",""point_of_interest"",""establishment""]","Cnr Crown &, Cathedral Street, Woolloomooloo"
5f7e06c7f9ea96e61672dd15,OPERATIONAL,-33.877898,151.213136,-33.87643202,151.2145803,-33.87912998,151.2118823,https://maps.gstatic.com/mapfiles/place_api/icons/v1/png_71/restaurant-71.png,Claire's Kitchen at le Salon,FALSE,"[{""height"":3744,""html_attributions"":[""<a href=\""https://maps.google.com/maps/contrib/101924905080109344852\"">Claire&#39;s Kitchen at le Salon</a>""],""photo_reference"":""CmRZAAAAAnTmfYeu99ZZJlDmUtEQDxs3gohVozbYlecV2Qn35x-QkEjrnQ_pbWWtvz9PoWpmzt79kz3NpxQqge2M_mN8eDLSecLGlvXd7xszuY8iqynhuy9pGCQPS-8LsCUmCYvZEhAC7ibx63y3ER-51DDHocwSGhT9KCZP3NjEQK_Ou3xCEKiO00QmKA"",""width"":5616}]",ChIJj8DtABeuEmsRA209I9hgnu8,"46C7+R7 Surry Hills NSW, Australia",4RRH46C7+R7,4.4,"[""night_club"",""bar"",""restaurant"",""food"",""point_of_interest"",""establishment""]","35 Oxford Street, Surry Hills"
5f7e06c7f9ea96e61672dd16,OPERATIONAL,-33.8771088,151.2037951,-33.87574202,151.2051768,-33.87843998,151.2024789,https://maps.gstatic.com/mapfiles/place_api/icons/v1/png_71/bar-71.png,CEO Karaoke,FALSE,"[{""height"":1371,""html_attributions"":[""<a href=\""https://maps.google.com/maps/contrib/104902542985457079694\"">CEO Karaoke</a>""],""photo_reference"":""CmRaAAAA1l-D2mBd7lIwuiZTLny2zGL8KIXGNhg-mQsigwRSGmhodsN-cGyHc7fD19Cx6SrRPoVv1CPGpHqAvGpLZUANpRzMqpk4H9toKodUwFY-08rWPWzVds-9p7PkEfh9Qh-oEhDNAac6-Ll8nu43TDvHlrDiGhQNV-1Zwsla139T9LTVELUU6r6zLw"",""width"":2048}]",ChIJPbclZzuuEmsRdFHcl4of_j8,"46F3+5G Sydney NSW, Australia",4RRH46F3+5G,3.1,"[""night_club"",""bar"",""general_contractor"",""point_of_interest"",""establishment""]","Level 1, Number one Dixon Shopping Centre, 1 Dixon Street, Sydney"
5f7e06c7f9ea96e61672dd17,OPERATIONAL,-33.8794875,151.205582,-33.87811347,151.2068327,-33.88081143,151.2041347,https://maps.gstatic.com/mapfiles/place_api/icons/v1/png_71/bar-71.png,K Square Karaoke Lounge,FALSE,"[{""height"":3024,""html_attributions"":[""<a href=\""https://maps.google.com/maps/contrib/116963027196726093757\"">Hao Huynh</a>""],""photo_reference"":""CmRaAAAAz9qmAsavAhrD91wFkiNj9YCN5VGcp-ssNUEiQzwKDZpmUrYVUpoUFDCM6FTVy3d91bVR-gz52H5ItkwNTvIzfXsM40pR8iOMDhG3HLOIWcOcQL9-Tj713rBe_qPH2IOnEhAVACgq3y2wUBJY5vuy1ml1GhRdTgVX_-LOdew8tbejVybhaOAnlA"",""width"":4032}]",ChIJl_WSaiOuEmsRzCzXOP6GH3o,"46C4+66 Haymarket NSW, Australia",4RRH46C4+66,4,"[""night_club"",""bar"",""point_of_interest"",""establishment""]","Capitol Square, G4/730-732 George Street, Haymarket"
5f7e06c7f9ea96e61672dd18,OPERATIONAL,-33.8788984,151.2145639,-33.87750822,151.2159867,-33.88020618,151.2132888,https://maps.gstatic.com/mapfiles/place_api/icons/v1/png_71/bar-71.png,Universal Sydney,FALSE,"[{""height"":1250,""html_attributions"":[""<a href=\""https://maps.google.com/maps/contrib/101162080996969354849\"">Desmond Ho</a>""],""photo_reference"":""CmRaAAAANrNphFclTDUyzvLXDvSudNEM55AFeMwKV2T8AnhQUKIuyCBIJsZ6BufHEhJIkUJKAEKW8k0DKj43OuILCIGVoMRfrFzhoGKc2b-nStzSSvSzJgr0NbtrmTKf92xx5qxgEhBLuVuiRPM0i3EfYOvBu5vbGhRk_TQdGavW8bRvrB3IwZJ9cFrgGQ"",""width"":2223}]",ChIJVYz6FReuEmsRFwSmRguMGl8,"46C7+CR Darlinghurst NSW, Australia",4RRH46C7+CR,3.8,"[""night_club"",""bar"",""point_of_interest"",""establishment""]","85-91 Oxford Street, Darlinghurst"
5f7e06c7f9ea96e61672dd19,OPERATIONAL,-33.8933192,151.1832918,-33.89203022,151.1847213,-33.89472818,151.1820234,https://maps.gstatic.com/mapfiles/place_api/icons/v1/png_71/bar-71.png,The Marlborough Hotel,FALSE,"[{""height"":450,""html_attributions"":[""<a href=\""https://maps.google.com/maps/contrib/116840797943637599578\"">The Marlborough Hotel</a>""],""photo_reference"":""CmRaAAAAZSU2PVH2SWYBAJiyag5mbqKhAqOx50LMQD-hcAL89QzmeKnUGeOZYqBGVAUtK0b6g8rZX-_sEDU5b7dh5QCjxu_Pa-YLGaiGG8CN_7OTa9ri1CC529Bzt9Nb3wbe5qDkEhCLMJOMaXixUg6AHda6zYlYGhQFLEjWeKKIzn58_IBgZM-_Abxttw"",""width"":675}]",ChIJ444mmvE0c2sRtXzws6E2Ip0,"454M+M8 Newtown NSW, Australia",4RRH454M+M8,3.8,"[""bar"",""night_club"",""restaurant"",""food"",""point_of_interest"",""establishment""]","145 King Street, Newtown"
5f7e06c7f9ea96e61672dd1a,OPERATIONAL,-33.8743742,151.2083752,-33.87307517,151.2097405,-33.87577313,151.2070425,https://maps.gstatic.com/mapfiles/place_api/icons/v1/png_71/bar-71.png,GALA KTV Club,FALSE,"[{""height"":4912,""html_attributions"":[""<a href=\""https://maps.google.com/maps/contrib/104705217713858580658\"">GALA KTV Club</a>""],""photo_reference"":""CmRaAAAAOgqCjLARm5uUWbivP7-9XUrKGr5v7uMdIqbFz8MksEoUU_GJidXV0R_NZolmBkwkwqIhGPfAHZ--Mp09VYXU3CELEPZHrKom8x9IyJ1BfZkslPaIpgFAeWyQxi7onJWIEhDBAWEwbWSCz_G1XrqywkP_GhSZg5EXzDhlJnqlO0mZ9doEmzfcUQ"",""width"":7360}]",ChIJifljxD2uEmsR56dwJ9IOUV0,"46G5+79 Sydney NSW, Australia",4RRH46G5+79,3.6,"[""night_club"",""bar"",""point_of_interest"",""establishment""]","104 Bathurst Street, Sydney"
5f7e06c7f9ea96e61672dd1b,OPERATIONAL,-33.8945911,151.2272053,-33.89318937,151.228536,-33.89588733,151.225838,https://maps.gstatic.com/mapfiles/place_api/icons/v1/png_71/generic_business-71.png,Strike Bowling Entertainment Quarter,FALSE,"[{""height"":1367,""html_attributions"":[""<a href=\""https://maps.google.com/maps/contrib/100143445376212904618\"">Strike Bowling Entertainment Quarter</a>""],""photo_reference"":""CmRaAAAAf6GdBqie6BTzdE76zaJam39qt5cnodFvXX1S7662hhxbjt5HNXQaHEsJthz77Yg2qHxsStoHiVM-SuKflRXR8UxTInYjmfBY8Oqyy97FWHxhFo_f8yvTRfLJaCdqI2pAEhAiuJPBJve0p3XbpxWnzDOqGhQ9rHiHDgoIQF2nY8rUMuwcRiJZUA"",""width"":2048}]",ChIJB3XF7v2xEmsR6fRyg4tHeeA,"464G+5V Sydney NSW, Australia",4RRH464G+5V,4.1,"[""bowling_alley"",""night_club"",""bar"",""point_of_interest"",""establishment""]","207/122 Lang Road, Sydney"
5f7e06c7f9ea96e61672dd1c,OPERATIONAL,-33.883736,151.202234,-33.88248332,151.2035651,-33.88518128,151.2008672,https://maps.gstatic.com/mapfiles/place_api/icons/v1/png_71/lodging-71.png,Agincourt Hotel,FALSE,"[{""height"":3024,""html_attributions"":[""<a href=\""https://maps.google.com/maps/contrib/110974022495045315890\"">Jeremy Thomas</a>""],""photo_reference"":""CmRaAAAA99dwSrOHNLkULZbyvGVJMYwyKaxbLC93PrFtkcmFJF0Aq_QcniN2-79QgcGrmzErFq_B1fGSvrre35_Y3patrlnTVrNsHFzjQfIm9lu6KBZ7QFM6pQv8rvAtHSyWrFCnEhDjz6D3Ze8cEBy6E4Vp4f5nGhS3negAYmI-ODIN2MCRp8zBMlYuaw"",""width"":4032}]",ChIJy7Ni7SauEmsRx1e_vo_UwvA,"4682+GV Sydney NSW, Australia",4RRH4682+GV,3.8,"[""night_club"",""lodging"",""bar"",""restaurant"",""food"",""point_of_interest"",""establishment""]","871 George Street, Sydney"
5f7e06c7f9ea96e61672dd1d,CLOSED_TEMPORARILY,-33.8663282,151.2075866,-33.86454522,151.2088019,-33.86724318,151.2061039,https://maps.gstatic.com/mapfiles/place_api/icons/v1/png_71/bar-71.png,Changeroom,,"[{""height"":608,""html_attributions"":[""<a href=\""https://maps.google.com/maps/contrib/114069550604936266393\"">Changeroom</a>""],""photo_reference"":""CmRaAAAAPlvI_LcuaE9VONpY2Z69ht8H664MOiRk0bzofkI9G_sv80zcLzu4tXSp-B2O5vEqgR7Rb6TAcFMmR99gpcPqzpKu0NUXGPHhwwjhMpZN0o4tf5YgQ7jiyvXZwnmsHWaCEhB1bIo0V5NBSy6ByBO259awGhRMxrQhgl4w31H_4ZbYeAvGGJVctQ"",""width"":1080}]",ChIJUfAR9kCuEmsRDDHba_govVo,"46M5+F2 Sydney NSW, Australia",4RRH46M5+F2,,"[""night_club"",""point_of_interest"",""establishment""]","F3 ivy, 320 George Street, Sydney"
5f7e06c7f9ea96e61672dd1e,OPERATIONAL,-33.8741409,151.2233595,-33.87275537,151.2246583,-33.87545333,151.2219603,https://maps.gstatic.com/mapfiles/place_api/icons/v1/png_71/bar-71.png,The Mandalay,,,ChIJYzf4Eg2uEmsRz4TKJfLwu9k,"46GF+88 Potts Point NSW, Australia",4RRH46GF+88,4.3,"[""night_club"",""point_of_interest"",""establishment""]","54 Darlinghurst Road, Potts Point"
5f7e06c7f9ea96e61672dd1f,OPERATIONAL,-33.8733177,151.2237404,-33.87207452,151.2251677,-33.87477248,151.2224698,https://maps.gstatic.com/mapfiles/place_api/icons/v1/png_71/bar-71.png,Twin Pecks All Male Revue Sydney,TRUE,"[{""height"":2000,""html_attributions"":[""<a href=\""https://maps.google.com/maps/contrib/103485785012505480556\"">Twin Pecks All Male Revue Sydney</a>""],""photo_reference"":""CmRaAAAAzkdFX4otNO6uvRbl-9-ufYsl_MQ6E_Akr7ck-TV_heMJ29DgjV1-6ectXcv8O8r_WJFOYKol5mOxa5Y6APczMJuy30BK6JqPpqEi4wcXp616RFOEMj6MoRL4JnldTYOQEhBVQmtWtZ1HOiiT_r1trkqyGhTlM9H56hhDhfQVJvOIoPRIAaSE-A"",""width"":3000}]",ChIJBZTjOw2uEmsRmU86nmSQLc4,"46GF+MF Potts Point NSW, Australia",4RRH46GF+MF,5,"[""night_club"",""bar"",""restaurant"",""food"",""point_of_interest"",""establishment""]","33-35 Darlinghurst Road, Potts Point"
5f7e06c7f9ea96e61672dd20,OPERATIONAL,-33.875384,151.223768,-33.87386247,151.2251482,-33.87656043,151.2224502,https://maps.gstatic.com/mapfiles/place_api/icons/v1/png_71/bar-71.png,Flamingo Lounge,FALSE,"[{""height"":1200,""html_attributions"":[""<a href=\""https://maps.google.com/maps/contrib/105169949384489041792\"">Flamingo Lounge</a>""],""photo_reference"":""CmRaAAAANPDCZD_Ho3XipwEgk6-nyqLWAgskrWlG-CvArttKE5hBZKuAThFmdEGMdDSZ44RY1rRrOz2yLmuBGcX6c2ZEnQ3kJp-J3dofz317uxm9y6BUkgRUhl3p7Rc-RKTfMUt1EhDgDf2-uvbKPc1Lco0fEd5bGhSHlCb0lKA43PC56IOPpLJc5Ro6gw"",""width"":1800}]",ChIJX1MFpA2uEmsROiFc7jNQr58,"46FF+RG Potts Point NSW, Australia",4RRH46FF+RG,3.4,"[""night_club"",""bar"",""restaurant"",""food"",""point_of_interest"",""establishment""]","Level 1/33 Bayswater Road, Potts Point"
5f7e06c8f9ea96e61672dd21,OPERATIONAL,-33.8744672,151.2157539,-33.87299097,151.2171347,-33.87568893,151.2144367,https://maps.gstatic.com/mapfiles/place_api/icons/v1/png_71/bar-71.png,Club 77,FALSE,"[{""height"":811,""html_attributions"":[""<a href=\""https://maps.google.com/maps/contrib/112616528338465968342\"">Club 77</a>""],""photo_reference"":""CmRaAAAAwgE_1-djm0PfrPCPDXJC28wvnDoZaM_6UFL5OPtJrmPTUYwGMgxf_1q0-CAlG6XEyFAuDFVGcwScpbfHGUNt0B7PHVghglCzRLJcUrKjgKKMrlyMaMnMfV3uFdrbPLQNEhDUNhnWeaXBlB5WQ1lwWj7DGhRwN-UYrp4XJgPqEYkZzIkRLJSu3Q"",""width"":1440}]",ChIJeX5cDBSuEmsRqQ2OyShXk_I,"46G8+68 Darlinghurst NSW, Australia",4RRH46G8+68,4.1,"[""night_club"",""bar"",""point_of_interest"",""establishment""]","77 William Street, Darlinghurst"
5f7e06c8f9ea96e61672dd22,CLOSED_TEMPORARILY,-33.8759839,151.2157708,-33.87456782,151.2171412,-33.87726578,151.2144432,https://maps.gstatic.com/mapfiles/place_api/icons/v1/png_71/bar-71.png,Reggio Lounge,,"[{""height"":720,""html_attributions"":[""<a href=\""https://maps.google.com/maps/contrib/101667377406406034431\"">Reggio Lounge</a>""],""photo_reference"":""CmRaAAAAtTRBx2vpV0sWbb3aQZjCCC67NIkB-ohcKIbgXdhLLUAWiP0jhz9SEbEGL8Ce_O4KlGu7xCKPUja1dgqe00RbV7JFkCc3M7LJHYL1RM497CUUASua4F1MdrPlkvjXjiJAEhCRWNB3gv4dz3ELlx71f4LNGhRtm2dWd6b9NNSqBp-lH8fKEmaq4Q"",""width"":960}]",ChIJF_lvrhauEmsRTrWwssvOB7E,"46F8+J8 Darlinghurst NSW, Australia",4RRH46F8+J8,4.4,"[""night_club"",""meal_takeaway"",""bar"",""restaurant"",""food"",""point_of_interest"",""establishment""]","85A Stanley Street, Darlinghurst"
5f7e06c8f9ea96e61672dd23,OPERATIONAL,-33.8779706,151.2141309,-33.87676192,151.2154722,-33.87945988,151.2127742,https://maps.gstatic.com/mapfiles/place_api/icons/v1/png_71/bar-71.png,The Cliff Dive,,"[{""height"":1333,""html_attributions"":[""<a href=\""https://maps.google.com/maps/contrib/113719639442868633401\"">Ashley Hughes</a>""],""photo_reference"":""CmRaAAAAingnkMJnLEqkXRe9eLBAyP6fU9_ujfnoeV5bOWLwvKTkxfOQJxF5HtMSxgvIp8fACKJ96XpdAbXmJ90Wrn2KJEtNjxQF1t08lT7sfKfCnnD7BTcbybzEo0TSHja6jYF9EhBicK2jSh3xWXrQpS_AjK6vGhSJxmQcBr669sX4J4zFFrTU84UnlA"",""width"":2000}]",ChIJOcC_AReuEmsR2b4rUmLUgn4,"46C7+RM Darlinghurst NSW, Australia",4RRH46C7+RM,3.8,"[""bar"",""night_club"",""point_of_interest"",""establishment""]","Basement, 16/18 Oxford Street, Darlinghurst"
5f7e06c8f9ea96e61672dd24,OPERATIONAL,-33.8771094,151.2129523,-33.87582122,151.2142266,-33.87851918,151.2115286,https://maps.gstatic.com/mapfiles/place_api/icons/v1/png_71/bar-71.png,AM//PM,FALSE,"[{""height"":2249,""html_attributions"":[""<a href=\""https://maps.google.com/maps/contrib/117413539804980513705\"">Duan HongZhi</a>""],""photo_reference"":""CmRaAAAA19UzSl5KW8Gm4QfGbHzLYNAz8YVa7K9eWK1x2_xZr5inrq2YE2N9VCp-ob0e7BPnEHMBY4olBkx6njpFTS2nJSMaf3XbL2kYUkm8J4kppKgGoIV7Px9Yi6jTHP_dXqI7EhCpfSNZF8knXNFEFdhwvRJWGhTiIwJ1_kLPg14luiaYhnGBeA6KSw"",""width"":4003}]",ChIJoQguVBauEmsR1XCp6yB2n-E,"46F7+55 Darlinghurst NSW, Australia",4RRH46F7+55,4.2,"[""night_club"",""point_of_interest"",""establishment""]","2 Oxford Street, Darlinghurst"
5f7e06c8f9ea96e61672dd25,OPERATIONAL,-33.86865,151.210319,-33.86730542,151.2117367,-33.87000338,151.2090388,https://maps.gstatic.com/mapfiles/place_api/icons/v1/png_71/bar-71.png,Candelaria - Sydney,,"[{""height"":779,""html_attributions"":[""<a href=\""https://maps.google.com/maps/contrib/110693591698334803108\"">Candelaria - Sydney</a>""],""photo_reference"":""CmRaAAAAclau9FmF4fQXGM8e7dfsMgdbtwxQxvsKLdbSAED9T9zXiHE5r_iHaERZJhu8ELgxmZJAdviniGocyqlgClV4NbdAOSIZVGGGYm9uuiaw660NkPFJSHI3W4ipnQ4zGhg2EhA887eIDI0JGPYxzmQ_njHaGhTHi7DIIj_HPPGUcKb9LIE2qsCsuw"",""width"":1386}]",ChIJ6zMeHkCuEmsR4e7vzxfZ0Zk,"46J6+G4 Sydney NSW, Australia",4RRH46J6+G4,4.1,"[""night_club"",""bar"",""point_of_interest"",""establishment""]","55/65 Elizabeth Street, Sydney"
5f7e06c8f9ea96e61672dd26,OPERATIONAL,-33.8721142,151.2090093,-33.87077952,151.210523,-33.87347748,151.2078251,https://maps.gstatic.com/mapfiles/place_api/icons/v1/png_71/bar-71.png,Club Grand Hit,FALSE,"[{""height"":592,""html_attributions"":[""<a href=\""https://maps.google.com/maps/contrib/116495893619885818543\"">Club Grand Hit</a>""],""photo_reference"":""CmRaAAAAB3TlWuLtiUN-9WIgSxEW99Qf95obwTrqJfnC1Vfs1Mn4kozgxfgFy01BLysJzxm821aGmjaDckRAQRDOeKtwBJpZLMzkZxeB8dfuTuiJ0fj7Vcslo2purQe2GwjVHOFgEhAVCDDt6pxPBGyKlAOVZps3GhSPyQ93l3dcVYgrWi4BupPT4gEpIw"",""width"":1920}]",ChIJJayvOz6uEmsRsDd1ZJd-VIo,"46H5+5J Sydney NSW, Australia",4RRH46H5+5J,4.4,"[""night_club"",""point_of_interest"",""establishment""]","Basement/155 Castlereagh Street, Sydney"
5f7e06c8f9ea96e61672dd27,OPERATIONAL,-33.8723092,151.2077949,-33.87091167,151.2093293,-33.87360963,151.2066313,https://maps.gstatic.com/mapfiles/place_api/icons/v1/png_71/bar-71.png,MVP Nightclub,FALSE,,ChIJc4noYD6uEmsRMYFIFuQgGQo,"46H5+34 Sydney NSW, Australia",4RRH46H5+34,4.1,"[""night_club"",""point_of_interest"",""establishment""]","The ArtHouse Hotel, 275 Pitt Street, Sydney"
5f7e06c8f9ea96e61672dd28,OPERATIONAL,-33.8768943,151.208059,-33.87551692,151.2092505,-33.87821488,151.2065525,https://maps.gstatic.com/mapfiles/place_api/icons/v1/png_71/bar-71.png,Space,FALSE,,ChIJt4rmBD2uEmsRu9FmT9lWWW4,"46F5+66 Sydney NSW, Australia",4RRH46F5+66,3.7,"[""night_club"",""bar"",""point_of_interest"",""establishment""]","127 Liverpool Street corner of, Pitt Street, Sydney"
5f7e06c8f9ea96e61672dd29,OPERATIONAL,-33.8826547,151.2103391,-33.88122102,151.2117464,-33.88391898,151.2090485,https://maps.gstatic.com/mapfiles/place_api/icons/v1/png_71/shopping-71.png,"Diva Body Tone, Sydney Body Massage, City Erotic Massage, Surry Hills Body Massage, Central Erotic Massage",TRUE,"[{""height"":1199,""html_attributions"":[""<a href=\""https://maps.google.com/maps/contrib/102976066919896924614\"">Diva Body Tone, Sydney Body Massage, City Body Massage, Surry Hills Body Massage, Central Body Massage</a>""],""photo_reference"":""CmRaAAAAgNFebwfhvNVo5bQDJwlCrR9Aumqzvwt0uBrrTqa7eNjnkty7YDwoXe3DvOCXJsMCumB4IehcTMljn-FLQH_0G0KaRI9a98dzfvNn5wMkKK8LENkynjtprcbx8cVqCp96EhAM5c4gpVUT9wZu2z0XIQsYGhQ-RA6hNjtuzpsY-e6wQlL6nNKwtg"",""width"":1600}]",ChIJucWhnRiuEmsRqiHYvMs12MM,"4686+W4 Surry Hills NSW, Australia",4RRH4686+W4,3.8,"[""night_club"",""point_of_interest"",""store"",""establishment""]","43 Albion Street, Surry Hills"
5f7e06c8f9ea96e61672dd2a,OPERATIONAL,-33.8631494,151.2096359,-33.86145402,151.2108286,-33.86415198,151.2081307,https://maps.gstatic.com/mapfiles/place_api/icons/v1/png_71/restaurant-71.png,Three Bottle Man,,"[{""height"":607,""html_attributions"":[""<a href=\""https://maps.google.com/maps/contrib/106971817685243513400\"">Three Bottle Man</a>""],""photo_reference"":""CmRaAAAAx9bGZ40a5fxR-admSD6hww02s7EPP4gKhRcGZPSbxFBv7KHoP6Kfp9vIxCExzs0_jVZaFbirr9jdlZUzDtghZOqOcL-Cri87PjMn0IKyvarqmamqv9mZoAXkXFFE_N8kEhBLSdiTaEI1az8Nc0nBaWdHGhRIvUemzk8uLybzOLHoR4WVsW0ugw"",""width"":1080}]",ChIJcY9QEEKuEmsR0GAP3jQSYMc,"46P5+PV Sydney NSW, Australia",4RRH46P5+PV,4.2,"[""restaurant"",""night_club"",""cafe"",""bar"",""food"",""point_of_interest"",""establishment""]","1 Bulletin Place, Sydney"
5f7e06c8f9ea96e61672dd2b,OPERATIONAL,-33.863837,151.2087643,-33.86239632,151.2102185,-33.86509428,151.2075205,https://maps.gstatic.com/mapfiles/place_api/icons/v1/png_71/restaurant-71.png,Republic Hotel,FALSE,"[{""height"":1080,""html_attributions"":[""<a href=\""https://maps.google.com/maps/contrib/107497511657376290074\"">Republic Hotel</a>""],""photo_reference"":""CmRaAAAAEDOSu1q8um6KA15R9w37hqhxaZ5mReiIN2ZSzH-gUsnsPeeQeq6gnxTgQBA-aVc4It_UpHwgAWkyEM7m2sP55bAJmDi7DKip7v5VG9Ph9UCtjFH_jsTOHtyoqXpDT6ueEhBlnlz-0Ncw02dOaEthgHf3GhRJ9bU88FO7NrAoh5ikNwC941pbXQ"",""width"":1920}]",ChIJS4fpjEGuEmsRlcCqLAjLgw4,"46P5+FG Sydney NSW, Australia",4RRH46P5+FG,3.8,"[""restaurant"",""night_club"",""bar"",""food"",""point_of_interest"",""establishment""]","69-73 Pitt Street, Sydney"
5f7e06c8f9ea96e61672dd2c,OPERATIONAL,-33.865734,151.2066148,-33.86437632,151.2078408,-33.86707428,151.2051429,https://maps.gstatic.com/mapfiles/place_api/icons/v1/png_71/bar-71.png,Treasure Cove Gaming Lounge,,,ChIJyTF5DD-uEmsR9cpseVL0XeE,"46M4+PJ Sydney NSW, Australia",4RRH46M4+PJ,3,"[""night_club"",""bar"",""point_of_interest"",""establishment""]","14 Carrington Street, Sydney"
5f7e06c8f9ea96e61672dd2d,OPERATIONAL,-33.878135,151.203828,-33.87669457,151.2052672,-33.87939253,151.2025692,https://maps.gstatic.com/mapfiles/place_api/icons/v1/png_71/bar-71.png,K1 Karaoke Lounge,FALSE,"[{""height"":1367,""html_attributions"":[""<a href=\""https://maps.google.com/maps/contrib/108128981896714159707\"">Kingsley Sai</a>""],""photo_reference"":""CmRaAAAAeO2rDvDG8YHmcWuzc-SbAWgM7xFg1r07rSZbsFum0ktAYRjpjhxCen4xfetAvjUYIJ95DWIN95iO8JxpmPFZgErvU_2KGhHPEN2XmWhZ8zrxt-IbQ4v8xvtyyJIpCny4EhDP8tjv3r8TUn3arOTV6OtuGhT3pqyMeitoK6rUs1TEKxW4ZVG2Uw"",""width"":2048}]",ChIJxzuurySuEmsR8UXlJTfCDj4,"46C3+PG Haymarket NSW, Australia",4RRH46C3+PG,3.4,"[""night_club"",""bar"",""point_of_interest"",""establishment""]","Level 2/31-37 Dixon Street, Haymarket"
5f7e06c8f9ea96e61672dd2e,OPERATIONAL,-33.878918,151.2039191,-33.87742687,151.2053537,-33.88012483,151.2026558,https://maps.gstatic.com/mapfiles/place_api/icons/v1/png_71/bar-71.png,Dynasty Karaoke,FALSE,"[{""height"":555,""html_attributions"":[""<a href=\""https://maps.google.com/maps/contrib/115365562200846733797\"">Dynasty Karaoke</a>""],""photo_reference"":""CmRaAAAAhPVJSqmpnwvC7nFTSRZzNMpJIJpMEuBYO1-EYMWOwk6M8ESdEEKxhon8NdxQ-VCF7OqIIiNQH3FnNBtMVo6ii0dkZL1hryheC1IGWNE-QxVGT5m2kWdm-5l7EvntWAEfEhDkoATSq3gxqZIxQNuO2v15GhSGeJGGAsES48BO-BzJ5BzgB1-VcA"",""width"":960}]",ChIJ2ZJPnySuEmsR6oMEbpU1mm8,"46C3+CH Haymarket NSW, Australia",4RRH46C3+CH,3.6,"[""night_club"",""bar"",""point_of_interest"",""establishment""]","1/63 Dixon Street, Haymarket"
5f7e06c8f9ea96e61672dd2f,OPERATIONAL,-33.871605,151.202377,-33.87072645,151.2035561,-33.87343625,151.2008581,https://maps.gstatic.com/mapfiles/place_api/icons/v1/png_71/restaurant-71.png,Café del Mar Sydney,FALSE,"[{""height"":1365,""html_attributions"":[""<a href=\""https://maps.google.com/maps/contrib/114036082886118494756\"">Cafe del Mar Sydney</a>""],""photo_reference"":""CmRaAAAADn8B2ElMp0yo1AkVcxUHWzEEh10q4eaHgcwLkR_Yhcw8WZUaTL4Sc0gXpVwprHUPSmtAJvADrWCpdZgP9CmTpllaM8TTTWS7vT_BIhBFnV_iATlBrPclB0oTxEp4yJZ8EhA-bX382kC2ZTKw81SDC2vvGhQmTvNmIrmW4yQIw3NbfcHzspNS1g"",""width"":2048}]",ChIJm9OT_TuuEmsRoyXCXt-_UFg,"46H2+9X Sydney NSW, Australia",4RRH46H2+9X,4,"[""night_club"",""bar"",""restaurant"",""food"",""point_of_interest"",""establishment""]","35 Wheat Road, Sydney"
5f7e06c8f9ea96e61672dd30,OPERATIONAL,-33.8727266,151.2019177,-33.87140502,151.2034108,-33.87410298,151.2007129,https://maps.gstatic.com/mapfiles/place_api/icons/v1/png_71/bar-71.png,S.A.S.H,FALSE,"[{""height"":427,""html_attributions"":[""<a href=\""https://maps.google.com/maps/contrib/113719639442868633401\"">Ashley Hughes</a>""],""photo_reference"":""CmRaAAAArMhXn-DKZGoyw79rjv4i73UIeT1A5Dby2DB6UscNVN-YfT9V1ZYgWVUTTTcMB_tlgqAgisbmgUbCbSoMs8gkeeL7Ohj4qMrQmK7qt1HIB5bqqlkfF0B2QEHfNyyR1883EhBEUvRWmAbziZlNEPQnkImBGhS3T5QRpT9NgKBONc0vAvGF_iU4Eg"",""width"":640}]",ChIJwYoRzjuuEmsRoHvERWKsyew,"46G2+WQ Sydney NSW, Australia",4RRH46G2+WQ,2.3,"[""night_club"",""point_of_interest"",""establishment""]","101/1-5 Wheat Road, Sydney"
5f7e06c8f9ea96e61672dd31,OPERATIONAL,-33.8806624,151.2032377,-33.87928382,151.2045688,-33.88198178,151.2018708,https://maps.gstatic.com/mapfiles/place_api/icons/v1/png_71/bar-71.png,D1 Karaoke Sydney,FALSE,"[{""height"":1120,""html_attributions"":[""<a href=\""https://maps.google.com/maps/contrib/110197823094516257480\"">D1 Karaoke Sydney</a>""],""photo_reference"":""CmRaAAAAsqSYBKSuAcWhBUGWpdZZ1Rnw9TXeQDpCJ1ra4taF757hOu2yeY7NP129rnbjVT98Z5R0o-FeLXTWKPdRZ-sjX7uAe9F65vLSOP_G6Be9kC3IdXKow2QQ6-Ut5rwZxp4yEhDZ0rvVOFTCLKhcFbxVE7MEGhSP0W5EkylppskAU38ZzrlpWWOaTw"",""width"":1680}]",ChIJZYKaZSSuEmsRl4YSiMuUkfw,"4693+P7 Haymarket NSW, Australia",4RRH4693+P7,4,"[""night_club"",""bar"",""point_of_interest"",""establishment""]","37 Ultimo Road, Haymarket"
5f7e06c8f9ea96e61672dd32,OPERATIONAL,-33.8596782,151.2066213,-33.85835657,151.2080661,-33.86105453,151.2053681,https://maps.gstatic.com/mapfiles/place_api/icons/v1/png_71/bar-71.png,The Mardi Gras Disco Climb - The Rocks,,,ChIJ6wT5JV2uEmsRWGXwuumsLgc,"46R4+4J The Rocks NSW, Australia",4RRH46R4+4J,,"[""night_club"",""point_of_interest"",""store"",""establishment""]","3 Cumberland Street, The Rocks"
5f7e06c8f9ea96e61672dd33,OPERATIONAL,-33.8682215,151.1953756,-33.86699772,151.1965093,-33.86969568,151.1938113,https://maps.gstatic.com/mapfiles/place_api/icons/v1/png_71/bar-71.png,Red Room Sydney,FALSE,"[{""height"":1095,""html_attributions"":[""<a href=\""https://maps.google.com/maps/contrib/115956020203862476317\"">Red Room Sydney</a>""],""photo_reference"":""CmRaAAAA8GKHh-hNsIei7KChkTiAAlOTKbk9tYRoHd4cQyN-K6eBftGJnCBTUpJaIkGW9udE4LHC2mw4hxD29t20hl3Taqv-ZpSx3GhV735oYU09bOFEtmn0gIz20IAm2OZOODyNEhDvyIS_Bv1e0RwSWPP-wXrpGhSPbjj46O3XWNStnHH6BHEh6yRVUw"",""width"":2956}]",ChIJm9Rsn2quEmsRventy21zGTc,"45JW+P5 Pyrmont NSW, Australia",4RRH45JW+P5,3.8,"[""night_club"",""point_of_interest"",""establishment""]","80 Pyrmont Street, Pyrmont"
5f7e06c8f9ea96e61672dd34,OPERATIONAL,-33.9022741,151.215242,-33.90094667,151.2167461,-33.90364463,151.2140482,https://maps.gstatic.com/mapfiles/place_api/icons/v1/png_71/shopping-71.png,HQ Living,FALSE,"[{""height"":1080,""html_attributions"":[""<a href=\""https://maps.google.com/maps/contrib/118359818144864661971\"">HQ Living</a>""],""photo_reference"":""CmRaAAAAZlq1TR5apnCItEbQwLplqHj0VHfI0jwFuSDS4jwj0ycZMKYecRwKE0tNI4LD4QUzk3sY2EUfUnr9Xqc5AulDC3CvYvud8Aua0tD7Bjft8Cz4Y6H-yrkKOa2QDoSO9yh4EhAFNjX5yg4nPUqRBvJEHJ9qGhSrKU4C56R7Y9ZbhFwdawfptzODFQ"",""width"":2278}]",ChIJTw8bxuixEmsRPptprA63mQg,"36X8+33 Moore Park NSW, Australia",4RRH36X8+33,4.3,"[""furniture_store"",""night_club"",""home_goods_store"",""bar"",""point_of_interest"",""store"",""establishment""]","Shop 5 Ground Floor, Supa Centa, 2 Todman Avenue, Moore Park"
5f7f0254c63d70a457947bd6,OPERATIONAL,-33.9065092,151.1646601,-33.90518432,151.1660517,-33.90788228,151.1633538,https://maps.gstatic.com/mapfiles/place_api/icons/v1/png_71/generic_business-71.png,CHiLLi PiP - Custom made lounges in Sydney.,FALSE,"[{""height"":3024,""html_attributions"":[""<a href=\""https://maps.google.com/maps/contrib/112780675938824304906\"">CHiLLi PiP - Custom made lounges in Sydney.</a>""],""photo_reference"":""CmRaAAAAQUqqKAt_MafbR99uzv-Aqd7mmHlkJZulEj1UZR7-8XyKf3oLPSxNBGcp4hgddbdWn0rgQrpNcOuGOa2-_SObe2T_CZmF-DtKqQGqASoK9a4by-HJKyknRP0erMAmZ_IHEhAr0BNypFLXLdc6GxtolUbnGhSuOvgVKsp_DSyiQa_t4lrJrevzjA"",""width"":4032}]",ChIJk0h2VVqwEmsRhx_LFwCQPqw,"35V7+9V Marrickville NSW, Australia",4RRH35V7+9V,4.9,"[""night_club"",""furniture_store"",""home_goods_store"",""bar"",""point_of_interest"",""store"",""establishment""]","135 Victoria Road, Marrickville"
5f7f0254c63d70a457947bd7,OPERATIONAL,-33.9237846,151.1614622,-33.92251412,151.1629015,-33.92521208,151.1602035,https://maps.gstatic.com/mapfiles/place_api/icons/v1/png_71/bar-71.png,Black Express Light and Sound,FALSE,"[{""height"":270,""html_attributions"":[""<a href=\""https://maps.google.com/maps/contrib/109120373707228769294\"">Black Express Light and Sound</a>""],""photo_reference"":""CmRaAAAA1L2UYer-GzVvt9IY-2FWjBYJ6hQ5YIlmELm9o3YRlxfF6nNUR9pF7D8B0QDaHdcPbeR6tdTHv1VuMbq2F2q2JrE9pLYQbUPt0zEpxGtQ8jOUWwjdL_469wONWLEae-raEhAJ-Pge_HRRQ8KP7O1rQxh1GhRTnteAOl-Sa-NfGEKUU3S4qL4AxQ"",""width"":480}]",ChIJVwARkIywEmsRGwUMcRn2Obs,"35G6+FH Tempe NSW, Australia",4RRH35G6+FH,4.8,"[""night_club"",""electronics_store"",""home_goods_store"",""food"",""point_of_interest"",""store"",""establishment""]","717 Princes Highway, Tempe"
5f7f0254c63d70a457947bd8,OPERATIONAL,-33.8880803,151.1577501,-33.88676272,151.1591099,-33.88946068,151.156412,https://maps.gstatic.com/mapfiles/place_api/icons/v1/png_71/bar-71.png,Nortons On Norton,,"[{""height"":612,""html_attributions"":[""<a href=\""https://maps.google.com/maps/contrib/103023966109877270713\"">Darren Kelly</a>""],""photo_reference"":""CmRaAAAA4K67L8fu9WzZJTHMLHaK603kHWay8siskcBNR-dUdpytDVeP8gKfhON65MmkR9GXzVDNUqqInVBfy60I85_2NQjcHnHw2ep9Y1nmQppj3ObnBWUcyFmqt4VHDPQO1FR1EhC1wGnEWgy_Ycf3kCjvZnG5GhR1bwNLELk1v-ANpGic9NPQLlk03A"",""width"":816}]",ChIJG55WyxCwEmsRgzUS6oQKO8g,"4565+Q4 Leichhardt NSW, Australia",4RRH4565+Q4,2.6,"[""bar"",""night_club"",""point_of_interest"",""establishment""]","393 Parramatta Road, Leichhardt"
5f7f0254c63d70a457947bd9,OPERATIONAL,-33.9263286,151.1592735,-33.92495767,151.160578,-33.92765563,151.1578801,https://maps.gstatic.com/mapfiles/place_api/icons/v1/png_71/generic_business-71.png,Riverview Pinup Pub Tempe,TRUE,"[{""height"":2448,""html_attributions"":[""<a href=\""https://maps.google.com/maps/contrib/102250929804465338693\"">Dan Karlsson</a>""],""photo_reference"":""CmRaAAAAoWth6CUYV09xGn__59ciUMjIoCGNrTdAZ82xStF2stm4Yv3H8nCBgSreEvEZX2ZA_nnhvOSCpvl6l4R--Pofb0CURPtjO2DztmcUVyRxIvKjaf62o1feBibDtfqEz53GEhC2c3Uq7mqNSGLisC9VynetGhST8Qcv5QTIinhv1QrC1AvHQxR4DA"",""width"":3264}]",ChIJOwv_v42wEmsRK87j7bW-qUw,"35F5+FP Tempe NSW, Australia",4RRH35F5+FP,3.3,"[""night_club"",""bar"",""point_of_interest"",""establishment""]","900 Princes Highway, Tempe"
5f7f0254c63d70a457947bda,OPERATIONAL,-33.8995556,151.177675,-33.89818597,151.1791437,-33.90088393,151.1764457,https://maps.gstatic.com/mapfiles/place_api/icons/v1/png_71/generic_business-71.png,Holey Moley Golf Club Newtown,FALSE,"[{""height"":1365,""html_attributions"":[""<a href=\""https://maps.google.com/maps/contrib/100943778943817002995\"">Holey Moley Golf Club Newtown</a>""],""photo_reference"":""CmRaAAAAZzKMP1RQ6DFcjCGyLU7Kx6Sp-jY6tMCoSfJ2OEQ74AP6FlL-zy5yw8J5h62ADUXCM6SJxCP7wGfcG3TKINeIx8cQuVHaN_dPyTrAryiHeYXbAzaOFEuQodnKremVLKvQEhDxxGed1u6XtnzH3R5X5rUQGhRA8CyqmSkcXv8izGt2o0b_Xi-ePg"",""width"":2048}]",ChIJHXqvrzewEmsRrID2qZbdA60,"452H+53 Newtown NSW, Australia",4RRH452H+53,4.2,"[""night_club"",""bar"",""point_of_interest"",""establishment""]","387 King Street, Newtown"
5f7f0254c63d70a457947bdb,OPERATIONAL,-33.8877182,151.1648902,-33.88638722,151.1662869,-33.88908518,151.1635889,https://maps.gstatic.com/mapfiles/place_api/icons/v1/png_71/cafe-71.png,Cafe Claire,FALSE,"[{""height"":960,""html_attributions"":[""<a href=\""https://maps.google.com/maps/contrib/107383412207286921581\"">Cafe Claire.</a>""],""photo_reference"":""CmRaAAAARfBn9p-FTlWclCVFR8JQfGgLar34k90Rz0uKssc3nXJAe5fYMCd-Rkt-OUUVe5yp8rcYQbl2SwQjre50X7y33MqiCnlzricrQk3_u0S97yDcvkpyVKZ60juqVnguKDC9EhCS_bu5_tvkSTdXYdLZsxpSGhS9Kk9-N5TU8JXnaMcmTi6FUbYBDA"",""width"":768}]",ChIJF276tiKwEmsRuXZeezNG_q4,"4567+WX Annandale NSW, Australia",4RRH4567+WX,4.3,"[""cafe"",""night_club"",""bakery"",""bar"",""restaurant"",""food"",""point_of_interest"",""store"",""establishment""]","Shop 3/2 Young Street, Annandale"
5f7f0254c63d70a457947bdc,OPERATIONAL,-33.888042,151.169823,-33.88655682,151.1711551,-33.88925478,151.1684572,https://maps.gstatic.com/mapfiles/place_api/icons/v1/png_71/generic_business-71.png,Elegant Interior 1,FALSE,"[{""height"":3260,""html_attributions"":[""<a href=\""https://maps.google.com/maps/contrib/111190148132556952548\"">Elegant Interior 1</a>""],""photo_reference"":""CmRaAAAAgKpaAcuH7ZX5PvRME1vZXX8F0biPGZwy2s-MxClQlfWq--SW8hONMQJuuVAEGliZ1xKcfx-j1llsPfQGFr0DKf1cv9OuCS9owwuSKZUtmTBPsNLiQbSXupGrCHlEXitQEhA0Fo34nypwmtTde-7T9yR4GhQDjAWBWa-6BJJZSAb2dUjAeTDAow"",""width"":5268}]",ChIJo-PMmCSwEmsRnsOOeQ_IQBQ,"4569+QW Stanmore NSW, Australia",4RRH4569+QW,,"[""laundry"",""night_club"",""furniture_store"",""home_goods_store"",""bar"",""point_of_interest"",""store"",""establishment""]","80-84 Parramatta Road, Stanmore"
5f7f0254c63d70a457947bdd,OPERATIONAL,-33.8991418,151.1826122,-33.89771112,151.1839433,-33.90040908,151.1812454,https://maps.gstatic.com/mapfiles/place_api/icons/v1/png_71/restaurant-71.png,The Imperial Erskineville,TRUE,"[{""height"":3190,""html_attributions"":[""<a href=\""https://maps.google.com/maps/contrib/118025140611200592737\"">The Imperial Erskineville</a>""],""photo_reference"":""CmRaAAAAoZsP_eQIrcX_1bzjZEihwYnCoyVIu86zVrsovkBCrTygi_FCN62XlBsZJAftb6HLmfnFatvU5xtrBWNcr_J_OtFJTV1CzumYd5zm5wINyCL9ettVr79_pS2JeiEsgkfnEhCMEJ7HtHPDXZUXrRaY1V2xGhRP9NRpBHK6l5Axy_r5LCp2MJfMXA"",""width"":5672}]",ChIJn2KDQDSwEmsRqtyqeKSgUb8,"452M+82 Erskineville NSW, Australia",4RRH452M+82,4.4,"[""restaurant"",""night_club"",""bar"",""food"",""point_of_interest"",""establishment""]","35 Erskineville Road, Erskineville"
5f7f0254c63d70a457947bde,OPERATIONAL,-33.908597,151.152157,-33.90727947,151.1534917,-33.90997743,151.1507938,https://maps.gstatic.com/mapfiles/place_api/icons/v1/png_71/bar-71.png,Pablito’s Milonga,,,ChIJWZAUFzOxEmsRdVzTOa2kS3Q,"35R2+HV Marrickville NSW, Australia",4RRH35R2+HV,,"[""night_club"",""point_of_interest"",""establishment""]","336 Marrickville Road, Marrickville"
5f7f0254c63d70a457947bdf,OPERATIONAL,-33.9120117,151.159073,-33.91059282,151.1604719,-33.91329078,151.157774,https://maps.gstatic.com/mapfiles/place_api/icons/v1/png_71/shopping-71.png,Luvstuff Adult Shop,FALSE,,ChIJjeH_tGawEmsRnTXhXBmHYCA,"35Q5+5J Marrickville NSW, Australia",4RRH35Q5+5J,3,"[""night_club"",""bar"",""point_of_interest"",""store"",""establishment""]","1/214 Marrickville Road, Marrickville"
5f7f0254c63d70a457947be0,OPERATIONAL,-33.9119771,151.1591564,-33.91058607,151.1605352,-33.91328403,151.1578373,https://maps.gstatic.com/mapfiles/place_api/icons/v1/png_71/bar-71.png,The Marrickvilla,,,ChIJ0ehW0mawEmsRUJ78pS2lUq0,"35Q5+6M Marrickville NSW, Australia",4RRH35Q5+6M,,"[""night_club"",""point_of_interest"",""establishment""]","Victoria Road, Marrickville"
5f7f0254c63d70a457947be1,OPERATIONAL,-33.9106836,151.1652777,-33.90940227,151.1667129,-33.91210023,151.164015,https://maps.gstatic.com/mapfiles/place_api/icons/v1/png_71/generic_business-71.png,Ruby's Dance Hall,,"[{""height"":3036,""html_attributions"":[""<a href=\""https://maps.google.com/maps/contrib/100950089151054001955\"">Krystel Chevallier</a>""],""photo_reference"":""CmRaAAAAvSwMsmIWATf6q5ThL7cDSRksFVLVB5vpxag-6eJroTN1y4AxsHbIaUhCoVl-CwSGgzG3XUCVyEUoFNkwj5hixpL0CCWSFmZbm1oBdjhMRh1dRljnNR9T4VFwSDYpXWpBEhBFYZ9yvi6EMUIBq9DCzKaMGhTtVPwjxcXb03bMVn5zNbl_kCxT1g"",""width"":4048}]",ChIJYcOcDV2wEmsRAnYeUP8ndh0,"35Q8+P4 Marrickville NSW, Australia",4RRH35Q8+P4,4.6,"[""night_club"",""point_of_interest"",""establishment""]","14 Cadogan Street, Marrickville"
5f7f0254c63d70a457947be2,OPERATIONAL,-33.9148915,151.1642861,-33.91358362,151.165593,-33.91628158,151.162895,https://maps.gstatic.com/mapfiles/place_api/icons/v1/png_71/bar-71.png,Jangos,,"[{""height"":2268,""html_attributions"":[""<a href=\""https://maps.google.com/maps/contrib/109969454296017513021\"">Andrew Harvey</a>""],""photo_reference"":""CmRaAAAAHF23vEW7dbyMw6u0f9lxn7xLUeLfp-GzuN7nIMyAdrUHH02o5rN1hgMGTT2jlcdIYsM1-x_LrFdHh50suk_y1h-Fog2MCf56POLdh9IuEYNt0iM08m2PNpOyzYCslPQKEhAAxlgGdGzeM9uERKFJk8oLGhSJu7TqfQHvtakrOe1D38AH5Qw-jQ"",""width"":4032}]",ChIJz5USdzaxEmsRtcWEZgz6zoQ,"35P7+2P Marrickville NSW, Australia",4RRH35P7+2P,,"[""night_club"",""point_of_interest"",""establishment""]","19 Marrickville Road, Marrickville"
5f7f0254c63d70a457947be3,OPERATIONAL,-33.8984817,151.1747418,-33.89723452,151.1761063,-33.89993248,151.1734083,https://maps.gstatic.com/mapfiles/place_api/icons/v1/png_71/bar-71.png,Slime House,FALSE,,ChIJKQH9LDiwEmsROs4XZiNStyw,"452F+JV Newtown NSW, Australia",4RRH452F+JV,5,"[""night_club"",""point_of_interest"",""establishment""]","83 Enmore Road, Newtown"
5f7f0254c63d70a457947be4,OPERATIONAL,-33.8965311,151.1733382,-33.89518212,151.1746872,-33.89788008,151.1719892,https://maps.gstatic.com/mapfiles/place_api/icons/v1/png_71/bar-71.png,Bedford St Tunnel,FALSE,"[{""height"":3264,""html_attributions"":[""<a href=\""https://maps.google.com/maps/contrib/104450516308164104167\"">Maddie MM</a>""],""photo_reference"":""CmRaAAAAp-MkPSAmghhcUlPjjRWR-y4oU5QpjQtdpDQ96d2YseMAw-KJsSoYVd6eSj_ltPjbDcAr7VXpfL4KOjfasX9nx3TbkSGZ7_J7nbNaLEFe8zyHz7f6ZX-89Jx9fLs6ORFEEhDlhCejHP0sXaLNqJ48m34lGhRJEHFLXmPqaDJs6X-w1iMFE-R-TQ"",""width"":2448}]",ChIJoyJEBk6xEmsRh8lzCGaCwI8,"453F+98 Enmore NSW, Australia",4RRH453F+98,3,"[""night_club"",""point_of_interest"",""establishment""]","Unnamed Road, Enmore"
5f7f0254c63d70a457947be5,OPERATIONAL,-33.9322936,151.1507482,-33.93091612,151.152081,-33.93361408,151.1493831,https://maps.gstatic.com/mapfiles/place_api/icons/v1/png_71/bar-71.png,Coiaba Crew’s house,,,ChIJ0zahCcGxEmsRUnFe8Vxco2A,"3592+37 Wolli Creek NSW, Australia",4RRH3592+37,3,"[""night_club"",""point_of_interest"",""establishment""]","Arncliffe Street, Wolli Creek"
